glottocode,name,isocodes,level,macroarea,latitude,longitude
3adt1234,3Ad-Tekles,,dialect,Africa,,
aari1239,Aari,aiw,language,Africa,5.95034,36.5721
aasa1238,Aasax,aas,language,Africa,-4.00679,36.8648
abab1239,Ababda,,dialect,Africa,,
abak1242,Abak,,dialect,Africa,,
aban1242,Abanyom,abm,language,Africa,6.30619,8.63055
abar1239,Abar,,dialect,Africa,,
abay1238,Abayongo,,dialect,Africa,,
abbe1238,Abbey-Ve,,dialect,Africa,,
abda1238,'Abd Al-Kuri,,dialect,Africa,12.1959,52.2282
abee1242,Abé,aba,language,Africa,5.59682,-4.38497
abee1243,Abe (Anyin),,dialect,Africa,,
abed1238,Abedju-Azaki,,dialect,Africa,,
abgu1238,Abgue,,dialect,Africa,,
abid1235,Abidji,abi,language,Africa,5.65656,-4.58421
abie1238,Abiem,,dialect,Africa,,
abig1238,Abigar,,dialect,Africa,,
abil1238,Abiliang,,dialect,Africa,,
abin1242,Abini,,dialect,Africa,,
abka1238,Abkar,,dialect,Africa,,
aboo1242,Abo,,dialect,Africa,,
aboo1241,Abo (Bokyi),,dialect,Africa,,
abon1238,Abon,abo,language,Africa,6.90621,10.8769
abou1238,Abou Charib,,dialect,Africa,,
abro1238,Abron,abr,language,Africa,7.72094,-2.50289
abua1244,Abua,abn,language,Africa,4.83057,6.61492
abul1238,Abuldugu,,dialect,Africa,,
abur1243,Abure,abu,language,Africa,5.21534,-3.64123
abur1244,Abureni,mgj,language,Africa,4.62301,6.50634
abus1238,Abu Sinun,,dialect,Africa,,
ache1245,Acheron,acz,language,Africa,10.8827,30.3187
acht1239,Achterveld,,dialect,Africa,,
acol1236,Acoli,ach,language,Africa,3.57738,32.5147
adaa1238,Ada,,dialect,Africa,,
adam1253,Adamawa Fulfulde,fub,language,Africa,8.140326,13.077338
adam1238,Adamorobe Sign Language,ads,language,Africa,5.834,-0.151
adan1249,Adan,,dialect,Africa,,
adan1248,Adangbe,adq,language,Africa,6.50546,0.727155
adan1247,Adangme,ada,language,Africa,5.9437,0.13243
adar1242,Adarawa,,dialect,Africa,,
addi1235,Addis Ababa,,dialect,Africa,,
addi1234,Addis Ababa Ethiopian Sign Language,,dialect,Africa,,
adel1244,Adele,ade,language,Africa,8.16975,0.619185
ader1239,Aderawa,,dialect,Africa,,
adho1243,Adhola,adh,language,Africa,0.73235,34.0341
adib1240,Adibom,,dialect,Africa,,
adie1238,Adie,,dialect,Africa,,
adim1238,Adim,,dialect,Africa,,
adio1239,Adioukrou,adj,language,Africa,5.38228,-4.52522
adju1239,Adjumani,,dialect,Africa,,
adom1238,Adoma,,dialect,Africa,,
adoy1238,Adoyo,,dialect,Africa,,
adug1238,Aduge,adu,language,Africa,7.64567,6.13085
adun1238,Adun,,dialect,Africa,,
afaa1238,Afa,,dialect,Africa,,
afad1236,Afade,aal,language,Africa,12.0551,14.6343
afar1241,Afar,aar,language,Africa,12.2281,41.8083
afas1238,Af-Ashraaf,,dialect,Africa,,
affa1240,Affade,,dialect,Africa,,
affi1239,Affiniam,,dialect,Africa,,
afhe1238,Af-Helledi,,dialect,Africa,,
afik1238,Afikpo,,dialect,Africa,,
afit1238,Afitti,aft,language,Africa,12.446,30.7611
afri1275,Afrihili,afh,language,Africa,,
afri1274,Afrikaans,afr,language,Africa,-31.63272,20.46356
afri1272,Afrike,,dialect,Africa,,
afud1235,Afudu,,language,Africa,7.17893,10.22439
agal1241,Agalo,,dialect,Africa,,
agar1249,Agar,,dialect,Africa,,
agat1236,Agatu,agc,language,Africa,7.97915,7.71639
agau1239,Agaunshe,,dialect,Africa,,
agba1238,Agbarho,,dialect,Africa,,
agbi1234,Agbirigba,,language,Africa,,
agbo1241,Agbome,,dialect,Africa,,
agbo1242,Agbon,,dialect,Africa,,
agee1238,Ageer,,dialect,Africa,,
aghe1239,Aghem,agq,language,Africa,6.38956,10.0807
agho1238,Agholo,,dialect,Africa,,
agii1244,Agi (Moru),,dialect,Africa,,
agoi1247,Agoi-Efom,,dialect,Africa,,
agoi1244,Agoi (Gen),,dialect,Africa,,
ikoo1244,Agoi-Ibami,,dialect,Africa,,
agon1238,Agona,,dialect,Africa,,
agra1238,Agrab,,dialect,Africa,,
aguu1242,Agu (Ewe),,dialect,Africa,,
agun1238,Aguna,aug,language,Africa,7.49256,1.74452
aguo1238,Aguok,,dialect,Africa,,
agwa1247,Agwagwune,yay,language,Africa,5.81055,8.03166
agwa1246,Agwatashi,,dialect,Africa,,
ahaf1238,Ahafo,,dialect,Africa,,
ahan1244,Àhàn,ahn,language,Africa,7.44139,6.00896
ahan1243,Ahanta,aha,language,Africa,4.85147,-1.94657
ahei1238,Aheima,,dialect,Africa,,
aima1242,Aimara,,dialect,Africa,,
airr1242,Air (Berber),,dialect,Africa,,
aiye1242,||'Aiye,,dialect,Africa,,
aiye1241,Aiyegunle,,dialect,Africa,,
ajab1235,Aja (Benin),ajg,language,Africa,7.06634,1.64992
ajas1235,Aja (South Sudan),aja,language,Africa,8.58003,25.6122
ajaw1236,Ajawa,ajw,language,Africa,10.21,9.89205
ajee1238,Aje,,dialect,Africa,,
eloy1241,Ajiri,afo,language,Africa,8.24696,7.97061
ajra1238,Ajra,,dialect,Africa,,
ajug1238,Ajugu,,dialect,Africa,,
ajum1239,Ajumba,,dialect,Africa,,
mbuu1238,Ajumbu,muc,language,Africa,6.53792,10.2556
akaa1242,Aka,soh,language,Africa,11.2101,33.6524
akam1238,Akamkpa-Ejagham,,dialect,Africa,,
akan1250,Akan,aka,language,Africa,6.34756,-1.33254
akas1242,Akaselem,aks,language,Africa,8.8858,1.37035
akas1241,Akassa,,dialect,Africa,,
akeb1238,Akebu,keu,language,Africa,7.78365,0.77668
akel1235,Akelel,,dialect,Africa,,
akhm1237,Akhmimic,,dialect,Africa,,
akho1238,Akhoe,,dialect,Africa,,
mosi1247,Akie,mwy,language,Africa,-5.43471,37.1869
akoo1249,Ako (Atlantic-Congo),,dialect,Africa,,
akoo1248,Akoose,bss,language,Africa,4.9243,9.65522
akpa1238,Akpa,akf,language,Africa,7.32586,8.01629
akpa1243,Akpafu,,dialect,Africa,,
akpe1247,Akpe,,dialect,Africa,,
akpe1248,Akpes,ibe,language,Africa,7.50256,5.95559
akpo1242,Akpo-Mgbu-Tolu,,dialect,Africa,,
akpo1243,Akpondu,,language,Africa,9.235232,8.545454
akua1239,Akuapem,,dialect,Africa,,
akuk1235,Akuku,ayk,language,Africa,7.40354,6.34264
akum1238,Akum,aku,language,Africa,6.85716,9.96261
akun1239,Akunnu,,dialect,Africa,,
akwa1248,Akwa,akw,language,Africa,-0.39897,15.4623
akwa1249,Akwanga,,dialect,Africa,,
akwa1247,Akwa (Nigeria),,dialect,Africa,,
akee1238,Akye,aik,language,Africa,8.59543,8.75768
akye1239,Akyem Bosome,,dialect,Africa,,
alab1254,Alaba-K'abeena,alw,language,Africa,7.39014,38.1732
alad1239,Alada,,dialect,Africa,,
alag1242,Alago,ala,language,Africa,8.34986,8.52085
alag1248,Alagwa,wbj,language,Africa,-4.64148,35.7231
alan1248,Alangua,,dialect,Africa,,
alat1245,Alatening,,dialect,Africa,,
gaww1239,Ale-Gawwada,gwd,language,Africa,5.37869,37.2737
aleg1238,Alege,alf,language,Africa,6.59423,9.00394
alga1234,'Algaden,,dialect,Africa,,
alge1239,Algerian Arabic,arq,language,Africa,35.4208,3.23033
alge1240,Algerian Saharan Arabic,aao,language,Africa,20.8884,4.80626
alge1235,Algerian Sign Language,asp,language,Africa,36.4762,3.5462
algi1247,Algiers,,dialect,Africa,,
alii1240,Ali,aiy,language,Africa,4.60014,18.0352
alia1238,Aliap,,dialect,Africa,,
alif1238,Alifokpa,,dialect,Africa,,
aliw1234,Aliwal North,,dialect,Africa,,
alla1248,Alladian,ald,language,Africa,5.22371,-4.42647
almo1242,Almoo,,dialect,Africa,,
aloa1239,Aloa,,dialect,Africa,,
alor1246,Alor (Nilotic),,dialect,Africa,,
alum1247,Alumu,,dialect,Africa,,
alur1250,Alur,alz,language,Africa,2.36213,31.0016
alur1249,Aluru,,dialect,Africa,,
aluu1242,Aluu,,dialect,Africa,,
aman1263,Amana,,dialect,Africa,,
aman1262,Amanavil,,dialect,Africa,,
aman1261,Amanda-Afi,,dialect,Africa,,
amar1281,Amara (Beja),,dialect,Africa,,
amas1236,Ama (Sudan),nyi,language,Africa,12.0993,29.4332
amay1238,Amayo,,dialect,Africa,,
amba1263,Amba (Uganda),rwm,language,Africa,0.81206,30.0014
ambe1247,Ambele,ael,language,Africa,5.94043,9.62028
ambo1249,Ambo,amb,language,Africa,7.07637,10.7798
ambo1248,Ambo (Lala-Bisa),,dialect,Africa,,
mbam1247,Ambu Ajiri,,dialect,Africa,,
amda1238,Amdang,amj,language,Africa,14.7528,20.8912
amen1242,Amenfi,,dialect,Africa,,
amen1243,Amengi,,dialect,Africa,,
amha1245,Amharic,amh,language,Africa,11.708182,39.543456
amir1234,Amira,,language,Africa,10.0546,30.71992
hoaa1235,Amkoe,huc,language,Africa,-23.93447,24.69828
amoo1242,Amo,amo,language,Africa,10.3229,8.65405
amou1238,Amou Oblou,,dialect,Africa,,
ampa1238,Ampari Dogon,aqd,language,Africa,14.15,-3.55
ampi1238,Ampiini,,dialect,Africa,,
mpuu1241,Ampumpwom,,dialect,Africa,,
amuu1238,Amu,,dialect,Africa,,
amur1243,Amuru,,dialect,Africa,,
anaa1238,Anaang,anw,language,Africa,4.94832,7.57969
anan1238,Ananjubi,,dialect,Africa,,
anat1248,Ana Tinga Dogon,dti,language,Africa,14.6669,-3.1168
anca1236,Áncá,acb,language,Africa,6.66524,11.1087
anch1240,Ancho,,dialect,Africa,,
andi1256,Andinai,,dialect,Africa,,
andr1247,Andri,,dialect,Africa,,
anee1234,Ane,,dialect,Africa,,
anex1238,Anexo,,dialect,Africa,,
anfi1235,Anfillo,myo,language,Africa,8.568,34.647
ango1259,Angola Nzeto,,dialect,Africa,,
ango1258,Angolar,aoa,language,Africa,0.11438,6.59486
ango1260,Angola Suku,,dialect,Africa,,
ango1253,Angole,,dialect,Africa,,
angw1242,Angwe,,dialect,Africa,,
angw1241,Angwe (Batu),,dialect,Africa,,
anha1238,Anhaqui,,dialect,Africa,,
anii1246,//Ani,hnh,language,Africa,-19.0966,22.9088
anii1247,||Ani,,dialect,Africa,,
anii1245,Anii,blo,language,Africa,9.11127,1.60169
anim1239,Animere,anf,language,Africa,7.60385,0.41962
anin1242,Aninka,aqk,language,Africa,9.08,8.51
anio1238,Aniocha,,dialect,Africa,,
anja1239,Anjagwa,,dialect,Africa,,
anka1245,Anka,,dialect,Africa,,
ankp1238,Ankpa,,dialect,Africa,,
angl1262,Anlo,,dialect,Africa,,
fada1250,Annobonese,fab,language,Africa,-1.43033,5.61879
anoo1238,Ano,,dialect,Africa,,
anta1259,Antaimoro,,dialect,Africa,,
anta1261,Antaisaka,,dialect,Africa,,
anta1260,Antambohoaka,,dialect,Africa,,
anta1262,Antanalana,,dialect,Africa,,
anta1255,Antankarana Malagasy,xmv,language,Africa,-13.2164,49.2402
anti1248,Anti-Atlas,,dialect,Africa,,
anua1242,Anuak,anu,language,Africa,7.57714,34.0267
anuf1239,Anufo,cko,language,Africa,10.2839,0.56021
anuu1242,Anu (Ghana),,dialect,Africa,,
anya1245,Anyama,,dialect,Africa,,
anya1246,Anyang (Cameroon),,dialect,Africa,,
anyi1245,Anyin,any,language,Africa,6.31781,-3.30532
anyi1244,Anyin Morofo,mtb,language,Africa,6.1627,-4.64232
anyu1238,Anyugba,,dialect,Africa,,
aowi1238,Aowin,,dialect,Africa,,
apaa1238,Apa,,dialect,Africa,,
apan1242,Apani,,dialect,Africa,,
apia1246,Apiapum,,dialect,Africa,,
apoi1238,Apoi,,dialect,Africa,,
apro1235,Aproumu Aizi,ahp,language,Africa,5.20273,-4.52192
apuk1238,Apuk,,dialect,Africa,,
aram1252,Aramanik,aam,language,Africa,-2.90656,37.3491
aram1260,Arame-Gubaare,,language,Africa,12.299274,-16.373202
araw1280,Arawa,,dialect,Africa,,
arbo1245,Arbore,arv,language,Africa,4.92183,36.7986
arch1248,Archaic Egyptian,,dialect,Africa,,
arew1238,Arewa,,dialect,Africa,,
argo1244,Argobba,agj,language,Africa,10.6596,39.756
arhe1238,Arhe,,dialect,Africa,,
arig1246,Arigidi,aqg,language,Africa,7.56324,5.89556
arig1247,Arigidí,,dialect,Africa,,
arin1244,Aringa,luc,language,Africa,3.56143,31.3071
arog1238,Arogbo,,dialect,Africa,,
aroh1238,Arohun,,dialect,Africa,,
arsi1238,Arsi,,dialect,Africa,,
arua1259,Arua,,dialect,Africa,,
arug1238,Arughunya,,dialect,Africa,,
alum1246,Arum,aab,language,Africa,9.01513,8.55956
arum1242,Arumbi,,dialect,Africa,,
arus1243,Arusa,,dialect,Africa,,
arus1242,Arusha,,language,Africa,,
arze1238,Arzeu,,dialect,Africa,,
asaa1238,Asa,,dialect,Africa,,
asan1239,Asante,,dialect,Africa,,
asee1238,Ase,,dialect,Africa,,
aseb1238,Asebi,,dialect,Africa,,
asen1242,Asen,,dialect,Africa,,
asen1243,Asento,,dialect,Africa,,
ashe1269,Ashe,ahs,language,Africa,9.36574,7.39443
ashe1270,Ashen,,dialect,Africa,,
ashu1243,Ashuku,,dialect,Africa,,
asoa1238,Asoa,asv,language,Africa,2.26818,26.7198
ason1246,Asonga,,dialect,Africa,,
ason1247,Asonga (Ngumbi),,dialect,Africa,,
assa1267,Assaikio,,dialect,Africa,,
assa1268,Assaka,,dialect,Africa,,
assa1269,Assangori,sjg,language,Africa,13.9592,22.6393
assa1272,Assaorta,,dialect,Africa,,
asun1235,Asu (Nigeria),aum,language,Africa,10.0849,5.42081
asut1235,Asu (Tanzania),asa,language,Africa,-4.17978,37.8323
asyu1234,Asyūṭ–Gina,,dialect,Africa,,
asyu1235,Asyūṭ–Luxor,,dialect,Africa,,
atab1238,Ataba,,dialect,Africa,,
atak1251,Atakat,,dialect,Africa,,
atak1250,Atakora Fulfulde,,dialect,Africa,,
atal1239,Atala,,dialect,Africa,,
atho1238,Athoc,,dialect,Africa,,
atis1238,Atisa,,dialect,Africa,,
aton1242,Atong,ato,language,Africa,6.03539,9.72121
atsa1241,Atsam,cch,language,Africa,9.95914,8.48301
atti1239,Attié,ati,language,Africa,5.9977,-3.8209
atum1238,Atumfuor,,dialect,Africa,,
auch1238,Auchi,,dialect,Africa,,
auga1239,Auga,,dialect,Africa,,
auni1244,Auni,,dialect,Africa,,
aush1241,Aushi,auh,language,Africa,-11.6295,29.0168
auss1240,Aussa,,dialect,Africa,,
auyo1240,Auyokawa,auo,language,Africa,9.85747,11.322
avar1257,Avari,,dialect,Africa,,
avat1244,Avatime,avn,language,Africa,6.8688,0.41314
aven1238,Aveno,,dialect,Africa,,
avia1241,Avianwu,,dialect,Africa,,
avia1242,Aviara,,dialect,Africa,,
avie1238,Aviele,,dialect,Africa,,
avik1243,Avikam,avi,language,Africa,5.15838,-5.2529
avok1242,Avokaya,avu,language,Africa,4.38639,29.9379
avok1243,Avokaya Pur,,dialect,Africa,,
awak1250,Awak,awo,language,Africa,9.86334,11.3291
awan1239,Awan,,dialect,Africa,,
awee1242,Aweer,bob,language,Africa,-1.40124,41.234
aweg1238,Awege,,dialect,Africa,,
awin1248,Awing,azo,language,Africa,5.88362,10.264
awji1241,Awjilah,auj,language,Africa,29.2341,21.1819
awng1244,Awngi,awn,language,Africa,10.9819,36.6916
awor1242,Awori,,dialect,Africa,,
awor1241,Aworo,,dialect,Africa,,
awut1241,Awutu,afu,language,Africa,5.42441,-0.59545
ayer1245,Ayere,aye,language,Africa,7.52206,6.01979
ayiz1245,Ayizo Gbe,ayb,language,Africa,6.62654,2.20552
ayiz1248,Ayizo-Kobe,,dialect,Africa,,
ayiz1246,Ayizo-Seto,,dialect,Africa,,
ayiz1247,Ayizo-Tori,,dialect,Africa,,
aytb1234,Ayt Bunsar,,dialect,Africa,,
ayth1234,Ayt Hmed,,dialect,Africa,,
aytm1234,Ayt Mezduy,,dialect,Africa,,
ayts1234,Ayt Seddat,,dialect,Africa,,
aytw1238,Ayt Waziten,,dialect,Africa,,
ayuu1242,Ayu,ayu,language,Africa,9.2634,8.60225
ayun1238,Ayun,,dialect,Africa,,
azer1256,Azer,,dialect,Africa,,
azhi1238,Azhiga,,dialect,Africa,,
azom1238,Azom,,dialect,Africa,,
azza1238,Azzaga,,dialect,Africa,,
juba1238,Ba,,dialect,Africa,,
kwaa1262,Baa,kwb,language,Africa,9.42222,11.4439
baad1239,Baadu,,dialect,Africa,,
baag1244,Baagato,,dialect,Africa,,
baan1241,Baan,bvj,language,Africa,4.66709,7.30065
baan1242,Baangi,bqx,language,Africa,10.8083,5.7261
baan1243,Baanma,,dialect,Africa,,
baat1238,Baatonum,bba,language,Africa,9.63186,2.99607
baaz1234,Baazem,,language,Africa,6.80235,9.97124
baba1264,Baba,bbw,language,Africa,6.11222,10.5216
baba1265,Babadjou,,dialect,Africa,,
baba1273,Babalia Creole Arabic,bbz,language,Africa,12.7617,16.6925
baba1263,Babango,bbm,language,Africa,1.79475,23.5851
baba1266,Babanki,bbk,language,Africa,5.97863,10.2869
babb1238,Babbe,,dialect,Africa,,
babe1238,Babete,,dialect,Africa,,
babo1241,Babong,,dialect,Africa,,
baca1249,Baca (Cameroon),,dialect,Africa,,
baca1246,Bacama,bcy,language,Africa,9.53072,12.0416
baca1245,Bacama-Yimburu,,dialect,Africa,9.48873,12.01884
bach1243,Bachit-Gashish,,dialect,Africa,,
bada1258,Bada (Nigeria),bau,language,Africa,9.62456,9.95
bada1259,Badara Duguri,,dialect,Africa,,
badd1234,Baddey Aweer,,dialect,Africa,,
bade1248,Bade,bde,language,Africa,12.789,10.6557
djia1238,Badia,,dialect,Africa,,
badj1245,Badjia,,dialect,Africa,,
badw1238,Badwe'e,,dialect,Africa,,
bafa1249,Bafanji,bfj,language,Africa,5.84612,10.4518
bafa1250,Bafatá Creole,,dialect,Africa,,
bafa1248,Bafaw,,dialect,Africa,,
bafa1247,Bafaw-Balong,bwt,language,Africa,4.53307,9.522
bafe1238,Bafeuk,,dialect,Africa,,
bafi1243,Bafia,ksf,language,Africa,4.72603,11.0982
bafo1235,Bafoto,,language,Africa,1.19,19.76
bafo1236,Bafou,,dialect,Africa,,
bafu1245,Bafun,,dialect,Africa,,
bafu1246,Bafut,bfd,language,Africa,6.14153,10.1194
bafw1241,Bafwakoyi,,dialect,Africa,,
bafw1242,Bafwandaka,,dialect,Africa,,
baga1279,Baga Binari,,dialect,Africa,,
baga1271,Baga Kaloum,bqf,language,Africa,9.951,-12.887
baga1273,Baga Koga,bgo,language,Africa,10.1286,-13.947
baga1277,Bagam,,dialect,Africa,,
baga1270,Baga Manduri,bmd,language,Africa,10.76747,-14.60521
baga1276,Baga Mboteni,bgm,dialect,Africa,12.27246,-12.07358
baga1278,Bagangu,,dialect,Africa,,
baga1272,Baga Sitemu,bsp,language,Africa,10.4793,-14.4756
baga1274,Baga Sobané,bsv,language,Africa,9.98865,-13.9054
bage1238,Bageto,,dialect,Africa,,
bagi1246,Bagirmi,bmi,language,Africa,11.52392,14.769495
bagi1244,Bagirmi Fulfulde,fui,language,Africa,8.81656,18.3467
bago1246,Bago,,dialect,Africa,,
bago1245,Bago-Kusuntu,bqg,language,Africa,8.52697,1.41214
bahr1243,Bahri Girinti,,dialect,Africa,,
baii1251,Bai,bdj,language,Africa,7.57221,26.48246
bain1261,Bainouk-Gunyaamolo-Gutobor,bcz,language,Africa,12.8672,-16.229
bain1260,Bainouk-Samik,bcb,language,Africa,12.5053,-15.9969
bain1259,Bainounk-Gujaher,bab,language,Africa,12.3128,-16.0586
bais1246,Baiso,bsw,language,Africa,6.44892,37.7681
bais1242,Baissa Fali,fah,language,Africa,7.38023,10.7684
baji1239,Bàjii,,dialect,Africa,,
baju1245,Bajuni,,dialect,Africa,,
baju1246,Bajuta of the Eyassi,,dialect,Africa,,
bajw1238,Bajwo,,dialect,Africa,,
baka1272,Baka (Cameroon),bkc,language,Africa,2.16013,13.7804
baka1273,Bakaka,bqz,language,Africa,4.79991,9.80402
baka1279,Baka (Mandara Mountains),,dialect,Africa,10.88152,14.19372
baka1274,Baka (South Sudan),bdh,language,Africa,4.65943,29.59
bake1241,Bake,,dialect,Africa,,
bake1242,Bakem,,dialect,Africa,,
bakh1247,Bakha,,dialect,Africa,,
baki1242,Baki (Cameroon),,dialect,Africa,,
bako1252,Bako,,dialect,Africa,,
bako1249,Bakoko,bkh,language,Africa,3.56518,9.99905
bako1250,Bakole,kme,language,Africa,4.43654,8.97387
bako1251,Bakoni,,dialect,Africa,,
baku1261,Bakundumu,,dialect,Africa,,
baku1260,Bakuure,,dialect,Africa,,
bakw1243,Bakwé,bjw,language,Africa,5.23123,-6.51077
bala1303,Balanka,,dialect,Africa,,
bala1302,Balanta-Ganja,bjt,language,Africa,12.5382,-15.6658
bala1301,Balanta-Kentohe,ble,language,Africa,11.8203,-15.3221
bala1304,Balaongwe,,dialect,Africa,,
bala1319,Balasa,,dialect,Africa,,
bala1305,Balatchi,,dialect,Africa,,
bald1241,Baldamu,bdn,language,Africa,10.9078,14.4674
bale1253,Balep,,dialect,Africa,,
bale1254,Balesi,,dialect,Africa,5.58318,35.18835
bale1252,Balessing,,dialect,Africa,,
bale1257,Baleveng,,dialect,Africa,,
bali1276,'Bali'ba,,dialect,Africa,,
bali1274,Bali (Democratic Republic of Congo),bcp,language,Africa,1.1807,26.5941
bali1245,Bali (Nigeria),bcn,language,Africa,8.81345,11.2952
bali1269,Bali Nyonga,,dialect,Africa,,
balo1264,Balo,bqo,language,Africa,6.12552,9.69365
liki1240,Balobo,lie,language,Africa,1.75106,19.0222
balo1262,Balondo,,dialect,Africa,,
balo1263,Balong,,dialect,Africa,,
balo1265,Baloum,,dialect,Africa,,
balt1262,Baltap-Lalin,,dialect,Africa,,
balu1255,Baluba,,dialect,Africa,,
balu1256,Baluombila,,dialect,Africa,,
bama1252,Bama,,dialect,Africa,,
bama1251,Bamali,bbq,language,Africa,5.91327,10.4567
bamb1265,Bambalang,bmo,language,Africa,5.861,10.544
bamb1269,Bambara,bam,language,Africa,12.9,-7.65
bamb1262,Bambassi,myf,language,Africa,9.82554,34.6522
bamb1264,Bambenzele,,dialect,Africa,,
bamb1267,Bambili,,dialect,Africa,,
bamb1266,Bambili-Bambui,baw,language,Africa,6.10821,10.2233
bamb1268,Bambui,,dialect,Africa,,
bamb1273,Bambur,,dialect,Africa,,
bame1261,Bameka,,dialect,Africa,,
bame1267,Bamendjinda,,dialect,Africa,,
bame1263,Bamendjing,,dialect,Africa,,
bame1266,Bamendjo,,dialect,Africa,,
bame1268,Bamendou,,dialect,Africa,,
bame1264,Bamenkumbo,,dialect,Africa,,
bame1260,Bamenyam,bce,language,Africa,5.77049,10.3302
bame1262,Bamessingue,,dialect,Africa,,
bame1265,Bamesso,,dialect,Africa,,
bami1240,Bamingun,,dialect,Africa,,
bamo1240,Bamoungong,,dialect,Africa,,
bamu1254,Bamukumbit,bqt,language,Africa,5.87292,10.3537
bamu1255,Bamumbo,,dialect,Africa,,
bamu1253,Bamun,bax,language,Africa,5.49017,10.8477
bamu1256,Bamunka,bvm,language,Africa,6.00203,10.5127
bamv1238,Bamvele,,dialect,Africa,,
bamw1238,Bamwe,bmg,language,Africa,2.16773,19.1644
bana1305,Bana,bcw,language,Africa,10.3535,13.6131
bana1285,Banala,,dialect,Africa,,
bana1284,Banama,,dialect,Africa,,
bana1304,Banana,,dialect,Africa,,
bana1309,Banapas,,dialect,Africa,,
band1344,Banda-Bambari,liy,language,Africa,6.21563,20.9827
band1343,Banda-Banda,bpd,language,Africa,6.63889,22.7568
band1347,Banda-Kpaya,,dialect,Africa,,
band1342,Banda-Mbrès,bqk,language,Africa,7.32924,23.0108
band1345,Banda-Ndélé,bfl,language,Africa,8.03339,23.9021
band1348,Banda-Yangere,yaj,language,Africa,3.95763,16.5907
band1352,Bandi,bza,language,Africa,8.207,-10.1886
band1340,Bandial,bqj,language,Africa,12.5258,-16.4245
band1349,Bandobo,,dialect,Africa,,
band1350,Bandougou,,dialect,Africa,,
bane1246,Bane,,dialect,Africa,,
bane1245,Baneka,,dialect,Africa,,
banf1238,Banfora-Sienena,,dialect,Africa,,
bang1357,Bang,,dialect,Africa,,
bang1359,Banga,,dialect,Africa,,
bang1353,Bangala,bxg,language,Africa,3.3466,28.04453
bang1358,Bangang,,dialect,Africa,,
bang1349,Banga (Nigeria),,dialect,Africa,,
bang1362,Bangassogo,,dialect,Africa,,
bang1345,Bangba,bbe,language,Africa,3.39956,28.3138
bang1363,Bangime,dba,language,Africa,14.8116,-3.77092
bang1346,Banginda,,dialect,Africa,,
bang1341,Bangla,,dialect,Africa,,
bang1344,Bang-Ling,,dialect,Africa,,
ngbi1239,Bangminda,,dialect,Africa,,
bang1356,Bangolan,bgj,language,Africa,6.0125,10.667
bang1374,Bangoondi Suku,,dialect,Africa,,
bang1342,Bangoul,,dialect,Africa,,
bang1360,Bangri,,dialect,Africa,,
bang1350,Bangubangu,bnx,language,Africa,-4.31464,27.2438
bang1355,Bangui,,dialect,Africa,,
bang1351,Bangwe,,dialect,Africa,,
bang1343,Bang-Were,,dialect,Africa,,
bang1348,Bangwinji,bsj,language,Africa,9.57157,11.2022
bank1258,Bankagooma,bxw,language,Africa,11.7497,-5.50744
bank1257,Bankal,jjr,dialect,Africa,9.5,10.5
bank1259,Bankan Tey Dogon,dbw,language,Africa,15.06,-2.92
bank1256,Bankon,abb,language,Africa,4.3702,9.6403
bans1248,Bansoa,,dialect,Africa,,
bant1282,Banta,,dialect,Africa,,
bant1284,Banti,,dialect,Africa,,
bany1245,Banya,,dialect,Africa,,
bany1248,Banyam,,dialect,Africa,,
banz1241,Banza,,dialect,Africa,,
baol1242,Baol Sereer,,dialect,Africa,,
baol1238,Baol Wolof,,dialect,Africa,,
baou1238,Baoulé,bci,language,Africa,5.42509,-4.76565
bape1238,Bape,,dialect,Africa,,
bape1239,Bapen,,language,Africa,12.13,-12.79
bapo1238,Bapo,,dialect,Africa,,
bara1395,Bara,,dialect,Africa,,
bara1363,Barabayiiga,,dialect,Africa,,
dato1239,Barabayiiga-Gisamjanga,tcc,language,Africa,-4.4131,35.2321
bara1359,Barabo,,dialect,Africa,,
bare1279,Barain,bva,language,Africa,10.970124,17.911727
bara1365,Baraka,,dialect,Africa,,
bara1364,Baralaka,,dialect,Africa,,
bara1394,Baram,,dialect,Africa,,
bara1362,Barama,bbg,language,Africa,-2.49659,10.6777
bara1369,Bara Malagasy,bhr,language,Africa,-23.9716,45.5937
bara1361,Barambu,brm,language,Africa,3.34642,26.861
bara1358,Barani,,dialect,Africa,,
barc1235,Barclayville Grebo,gry,language,Africa,4.67843,-8.09378
bard1256,Bardangal,,dialect,Africa,,
bede1242,Barde,,dialect,Africa,,
bare1272,Bareko,,dialect,Africa,,
bare1280,Barentu,,dialect,Africa,,
bari1284,Bari,bfa,language,Africa,4.19522,31.0723
bari1241,Barikanchi,bxo,language,Africa,11.989,8.4331
bari1282,Bari (Logo),,dialect,Africa,,
bark1246,Barka,,dialect,Africa,,
bark1245,Barka (Burkina Faso),,dialect,Africa,,
bark1244,Barkoundouba,,dialect,Africa,,
barl1241,Barlavento,,dialect,Africa,,
baro1252,Barombi,bbi,language,Africa,4.64584,9.25261
barr1248,Barrawa,,dialect,Africa,,
baru1266,Barup,,dialect,Africa,,
barw1243,Barwe,bwg,language,Africa,-17.675,33.4534
basa1284,Basa (Cameroon),bas,language,Africa,3.80765,10.4213
basa1280,Basa-Gumna,bsl,language,Africa,9.94207,6.58105
basa1281,Basa-Gurmana,buj,language,Africa,10.2488,6.74865
basa1277,Basan,,dialect,Africa,,
basa1278,Basang,,dialect,Africa,,
basa1285,Basa (Ngwo),,dialect,Africa,,
basa1282,Basa (Nigeria),bzw,language,Africa,8.03159,7.06183
base1242,Basese,,dialect,Africa,,
bash1265,Basho,,dialect,Africa,,
basi1246,Basinyari,,dialect,Africa,,
bask1236,Basketo,bst,language,Africa,6.45774,36.5763
nucl1418,Bassa,bsq,language,Africa,7.27501,-11.543
bass1259,Bassa-Kontagora,bsr,language,Africa,10.3333,4.98331
bass1258,Bassari-Tanda,bsc,language,Africa,12.4529,-13.3495
bass1261,Basso,,dialect,Africa,,
bass1260,Bassossi,bsi,language,Africa,5.23655,9.52275
basu1241,Basua,,dialect,Africa,,
bata1314,Bata,bta,language,Africa,9.68091,12.677
bata1285,Batanga,bnm,language,Africa,1.397041,9.51011
bata1286,Batanga (Caka),,dialect,Africa,,
batc1238,Batcham,,dialect,Africa,,
bate1270,Batere-Ylyele,,dialect,Africa,,
bath1248,Batha,,dialect,Africa,12.188285,12.360552
bati1250,Bati,,dialect,Africa,,
bati1251,Bati (Cameroon),btc,language,Africa,4.25573,11.0591
bato1246,Batomo,,dialect,Africa,,
bato1244,Batongtou,,dialect,Africa,,
bato1245,Batoufam,,dialect,Africa,,
bats1243,Batshwa-Bushoong,,dialect,Africa,,
bats1244,Batswa of Nkundo-Ntomba-Ekonda,,dialect,Africa,,
batu1255,Batu,btu,language,Africa,6.81588,10.9377
bauc1238,Bauchi,bsf,language,Africa,10.2077,6.61686
bauc1239,Bauchi Fulfulde,,dialect,Africa,,
baul1240,Baule,,dialect,Africa,,
baux1234,Bauxite Pidgin,,language,Africa,,
baii1247,Bay (Democratic Republic of Congo),,dialect,Africa,,
bayg1239,Baygo,byg,language,Africa,11.13,25.22
bayo1257,Bayo,,dialect,Africa,,
bayo1256,Bayobiri,,dialect,Africa,,
bbat1238,Bbate,,dialect,Africa,,
beee1241,Be,,dialect,Africa,,
beba1238,Beba,bfp,language,Africa,6.32256,9.73577
bebe1250,Bebe,bzv,language,Africa,6.74825,10.5646
bebe1248,Bebele,beb,language,Africa,4.78874,12.824
bebe1249,Bebent,,dialect,Africa,,
bebi1241,Bebi,,dialect,Africa,,
bebi1242,Bebil,bxp,language,Africa,4.86672,13.3848
bebo1242,Bébote,,dialect,Africa,,
bech1238,Bechati,,dialect,Africa,,
beda1245,Bedanga,,dialect,Africa,,
bede1243,Bédégué,,dialect,Africa,,
bedi1235,Bedik,tnr,language,Africa,12.7531,-12.4796
bedj1244,Bédjou,,dialect,Africa,,
beeg1236,Beege,,dialect,Africa,,
beek1238,Beeke,bkf,language,Africa,3.18438,29.9842
beel1236,Beele,bxq,language,Africa,10.1609,10.4204
beem1239,Beembe,beq,language,Africa,-3.95895,14.1
beez1238,Beezen,bnz,language,Africa,6.81552,10.109
nucl1410,Befang,,dialect,Africa,,
befa1242,Befangic,,dialect,Africa,,
begb1241,Begbere-Ejar,bqv,language,Africa,9.40519,7.59566
gomn1238,Beiya,,dialect,Africa,,
beja1238,Beja,bej,language,Africa,17.2436,36.6666
beka1240,Beka,,dialect,Africa,,
beke1238,Bekeni,,dialect,Africa,,
beku1238,Bekuma,,dialect,Africa,,
bekw1241,Bekwarra,bkv,language,Africa,6.73737,8.86489
bekw1242,Bekwil,bkw,language,Africa,1.71801,14.6527
beky1238,Bekye,,dialect,Africa,,
bela1256,Belanda Bor,bxb,language,Africa,6.6503,27.8232
bela1255,Belanda Viri,bvi,language,Africa,7.41311,27.6956
bele1248,Bele,,dialect,Africa,,
bele1249,Beledugu,,dialect,Africa,,
bele1253,Belezma,,dialect,Africa,,
beli1257,Beli (South Sudan),blm,language,Africa,6.40428,29.7954
beln1234,Belneng,glb,language,Africa,9.221681,9.534716
belu1239,Belueli,,language,Africa,1.314698,28.933744
bema1240,Bemar,,dialect,Africa,,
bemb1258,Bemba (Democratic Republic of Congo),bmy,language,Africa,-10.0,28.08
bemb1257,Bemba (Zambia),bem,language,Africa,-10.6122,29.2993
bemb1255,Bembe,bmb,language,Africa,-4.49057,29.0507
bemb1259,Bembe (Mabaale),,dialect,Africa,,
bemi1238,Bemili,,dialect,Africa,,
bemo1238,Bémour,,dialect,Africa,,
bena1268,Benaadir,,dialect,Africa,,
bena1263,Bena Lulua,,dialect,Africa,,
bena1274,Benamanga,egm,dialect,Africa,,
bena1260,Bena (Nigeria),yun,language,Africa,9.74861,12.3972
bena1262,Bena (Tanzania),bez,language,Africa,-9.26671,35.0364
benc1235,Bench,bcq,language,Africa,7.04682,35.7673
bend1258,Bende,bdp,language,Africa,-6.22082,30.5926
bend1259,Bendeghe Etung,,dialect,Africa,,
bend1260,Bendi,bct,language,Africa,2.20229,30.3679
bend1257,Bendi (Nigeria),,dialect,Africa,,
bene1244,Bene,,dialect,Africa,,
beng1286,Beng,nhb,language,Africa,7.78122,-4.23539
beng1282,Benga,bng,language,Africa,1.075766,9.600739
beng1283,Benge,,dialect,Africa,,
beng1281,Benge (Congo),,dialect,Africa,,
beni1253,Beni-3Amer Tigre,,dialect,Africa,,
beni1248,Beni-Amir,,dialect,Africa,,
beni1252,Beni Bou Yhi,,dialect,Africa,,
beni1249,Beni Iznassen,,dialect,Africa,34.9167,-2.3167
beni1251,Beni Oulichek,,dialect,Africa,,
beni1241,Beni Sheko,,dialect,Africa,,
beni1254,Beni Snous,,dialect,Africa,,
beni1250,Beni Touzine,,dialect,Africa,,
beno1238,Benoye,,dialect,Africa,,
bent1238,Ben Tey Dogon,dbt,language,Africa,14.78,-2.94
benz1238,Benza,,dialect,Africa,,
beoo1240,Beo (Democratic Republic of Congo),,dialect,Africa,,
bera1259,Bera,brf,language,Africa,1.50054,30.0293
bera1260,Bera (Cameroon),,dialect,Africa,,
bera1261,Berakou,bxv,language,Africa,12.5,15.0
berb1261,Berbey Sign Language,,language,Africa,15.278462,-1.769086
berb1238,Berbou,,dialect,Africa,,
bere1249,Beregadougou-Toumousseni,,dialect,Africa,,
bere1248,Bereya,,dialect,Africa,,
zagh1240,Beria,zag,language,Africa,17.4842,23.4626
bero1246,Bero,,dialect,Africa,,
bero1242,Berom,bom,language,Africa,9.67037,8.81221
bert1248,Berta,wti,language,Africa,10.6474,34.7042
bert1249,Berti,byt,language,Africa,14.67,25.83
besa1242,Besali,,dialect,Africa,,
bese1241,Besembo,,dialect,Africa,,
bese1242,Besep,,dialect,Africa,,
besl1239,Besleri,,dialect,Africa,,
besm1235,Besme,bes,language,Africa,9.59226,16.0938
bete1263,Bete,,dialect,Africa,,
bete1262,Bete-Bendi,btt,language,Africa,6.62037,9.20189
bete1264,Beten,,dialect,Africa,,
bete1261,Bete (Yukubenic),byf,language,Africa,7.02128,9.74302
betg1234,Bet-Guk,,dialect,Africa,,
beti1249,Beti,,dialect,Africa,,
beti1250,Beti (Cameroon),btb,language,Africa,3.22265,11.6896
beti1248,Beti (Côte d'Ivoire),eot,language,Africa,5.26495,-3.28627
bets1235,Betsileo,,dialect,Africa,,
beuu1238,Beu,,dialect,Africa,,
beza1235,Bezanozano,,dialect,Africa,,
bezz1234,Bezza,,dialect,Africa,,
bhac1238,Bhaca,,dialect,Africa,,
bhag1238,Bhagira,,dialect,Africa,,
bhel1238,Bhele,bhy,language,Africa,0.24553,28.6681
bhoo1238,Bhoo,,dialect,Africa,,
biab1239,Biabo,,dialect,Africa,,
biad1234,Bia Dan,,dialect,Africa,,
biaf1240,Biafada,bif,language,Africa,11.467,-15.1347
biai1238,Biai,,dialect,Africa,,
biak1246,Biakpan,,dialect,Africa,,
bial1238,Biali,beh,language,Africa,11.0382,1.08259
biba1234,Bibaana,,dialect,Africa,,
bibe1238,Bibeng,,dialect,Africa,,
bidi1241,Bidiyo,bid,language,Africa,11.9204,18.8065
bidj1247,Bidjir,,dialect,Africa,,
bidj1246,Bidjuki,,dialect,Africa,,
biga1242,Bigawguno,,dialect,Africa,,
bihe1234,Biḥēra-Western Minufiyya-Western Ġarbiyya-Parts of Gīze,,dialect,Africa,,
biji1246,Bijim,jbm,language,Africa,9.54493,9.43876
bika1250,Bikaka,,dialect,Africa,,
bike1242,Bikele,,dialect,Africa,,
bike1241,Bikeng,,dialect,Africa,,
biko1241,Bikol Opo,,dialect,Africa,,
biky1238,Bikya,byb,language,Africa,6.74997,10.5333
bila1255,Bila,bip,language,Africa,1.16839,28.7626
bila1256,Bilala,,dialect,Africa,,
bila1254,Bila (Tsonga),,dialect,Africa,,
bile1244,Bile,bil,language,Africa,8.90052,11.1907
bile1243,Bilembo-Mango,,dialect,Africa,,
bili1251,Bili,,dialect,Africa,,
bili1260,Bilin,byn,language,Africa,15.7833,38.3917
bili1259,Biliri,,dialect,Africa,,
bilk1238,Bilkire Fulani,,dialect,Africa,,
bilm1239,Bilma,,dialect,Africa,,
bilm1238,Bilma-Mowar Kanuri,bms,language,Africa,19.1,13.0665
bilm1240,Bilma Oasis,,dialect,Africa,,
bilu1246,Bilugu-Modin,,dialect,Africa,,
bilu1247,Bilugu Opo,,dialect,Africa,,
bima1245,Bima (oroko),,dialect,Africa,,
bimo1239,Bimoba,bim,language,Africa,10.4575,0.06121
bina1270,Bina (Nigeria),byj,language,Africa,10.2868,8.19726
bing1248,Binga,,dialect,Africa,,
bini1246,Bini,bin,language,Africa,6.40701,5.70426
bini1245,Bini (Anyin),,dialect,Africa,,
binj1250,Binja,,dialect,Africa,,
binj1249,Binji,bpj,language,Africa,-6.7,21.7
bire1234,Bireeri Aweer,,dialect,Africa,,
birg1239,Birgit,btf,language,Africa,12.0228,19.8182
birk1246,Birkai,,dialect,Africa,,
birk1242,Birked,brk,language,Africa,12.5,24.83
birr1240,Birri,bvq,language,Africa,5.33,24.6
birw1238,Birwa,brl,language,Africa,-22.17,28.33
bisa1264,Bisa,,dialect,Africa,,
bise1238,Biseni,ije,language,Africa,5.40296,6.51646
bish1251,Bisharin,,dialect,Africa,,
bish1245,Bishiri,,dialect,Africa,,
bish1246,Bishuo,bwh,language,Africa,6.67251,9.79396
bisi1245,Bisi-Bana,,dialect,Africa,,
biso1242,Bisoo,,dialect,Africa,,
biss1248,Bissa,bib,language,Africa,11.3434,-0.3744
biss1249,Bissau-Bolama Creole,,dialect,Africa,,
biss1247,Bissaula,,dialect,Africa,,
bisu1245,Bisu (Atlantic-Congo),,dialect,Africa,,
bita1250,Bitaapul,,dialect,Africa,,
bita1252,Bitama,,dialect,Africa,,
bita1251,Bitare,brt,language,Africa,6.87398,11.3072
biti1246,Biti,,dialect,Africa,,
biti1245,Bitieku,,dialect,Africa,,
biti1244,Bitinkoore,,dialect,Africa,,
bitu1241,Bitui,,dialect,Africa,,
biwo1234,Biwol,,dialect,Africa,,
biya1235,Biya,,dialect,Africa,,
bian1249,Biyanjiida,,language,Africa,-5.9,34.3
blac1270,Black Bolon,,dialect,Africa,,
blis1238,Bliss,,dialect,Africa,,
blon1234,Blong Dan,,dialect,Africa,,
blow1238,Blowo,,dialect,Africa,,
booo1255,Bo,,dialect,Africa,,
booo1256,Bö,,dialect,Africa,,
bang1354,Bobangi,bni,language,Africa,-0.87437,17.227
boba1252,Bobangi-Nunu,,dialect,Africa,,
boba1246,Bobar,,dialect,Africa,,
boch1238,Bocha,,dialect,Africa,,
bode1245,Bodele,,dialect,Africa,,
bodh1239,Bodho,,dialect,Africa,,
bodi1253,Bodi,,dialect,Africa,6.40227,36.00515
bodi1252,Bodiman,,dialect,Africa,,
bodi1251,Bodin,,dialect,Africa,,
bodo1272,Bodo (Central African Republic),boy,language,Africa,6.0,26.0
bodo1270,Bodoe,,dialect,Africa,,
bodo1271,Bodo (Gokana),,dialect,Africa,,
bodo1273,Bodo (Gor),,dialect,Africa,,
bodo1278,Bodo (Mpade),,dialect,Africa,,
bodo1274,Bodougouka,,dialect,Africa,,
boee1238,Boe,,dialect,Africa,,
bofi1238,Bofi,bff,language,Africa,4.02043,17.3032
boga1251,Boga,bvw,language,Africa,10.188,12.936
boga1246,Bogandé,,dialect,Africa,,
bogh1241,Boghom,bux,language,Africa,9.49679,10.11454
bogo1240,Bogongo,,dialect,Africa,,
bogu1242,Bogur (Mambila),,dialect,Africa,,
bogu1241,Boguru,bqu,language,Africa,4.49213,29.1344
boha1242,Bohairic,,dialect,Africa,,
boin1238,Boin,,dialect,Africa,,
boje1238,Boje,,dialect,Africa,,
bokk1238,Bok,,dialect,Africa,,
boka1250,Bokabo,,dialect,Africa,,
boki1239,Boki,,dialect,Africa,,
bokk1242,Bokkos,,dialect,Africa,,
boko1267,Bokobaru,bus,language,Africa,9.52724,3.80058
boko1266,Boko (Benin),bqc,language,Africa,10.5189,3.71771
boko1263,Boko (Democratic Republic of Congo),bkp,language,Africa,1.51612,18.8806
boko1264,Bokonzi,,dialect,Africa,,
boko1261,Bokoto,bdt,language,Africa,4.75111,16.6721
boko1262,Bokoy,,dialect,Africa,,
bokp1240,Bokpan,,dialect,Africa,,
bokw1242,Bokwa,,dialect,Africa,,
bokw1238,Bokwa (Mande),,dialect,Africa,,
boky1238,Bokyi,bky,language,Africa,6.10475,9.05875
nucl1695,Bole,bol,language,Africa,11.4839,11.2322
bole1245,Bole (Ghana),,dialect,Africa,,
bole1246,Bolemba,,dialect,Africa,,
bolg1251,Bolgo,bvo,language,Africa,10.9025,18.8076
bolg1253,Bolgo Dugag,,dialect,Africa,,
bolg1252,Bolgo Kubar,,dialect,Africa,,
boli1255,Bolia,bli,language,Africa,-1.38362,18.09748
bolo1264,Bolo Djarma,,dialect,Africa,,
bolo1262,Boloki,bkt,language,Africa,0.83463,18.4555
bolo1266,Bolon,bof,language,Africa,11.8242,-4.75524
bolo1263,Bolondo,bzm,language,Africa,2.46327,19.6181
bolo1265,Bolong,,dialect,Africa,,
bolu1244,Bolu,,dialect,Africa,,
bolu1241,Bolupi,,dialect,Africa,,
bomm1240,Bom,,dialect,Africa,9.27518,-11.597
boma1250,Boma Nkuu,,language,Africa,-3.42,17.26
boma1251,Boma Nord,,language,Africa,-3.01,16.92
boma1247,Boma (Surmic),,dialect,Africa,,
boma1246,Boma Yumu,boh,language,Africa,-3.27,17.45
bomb1258,Bombali,,dialect,Africa,,
bomb1260,Bombi-Ngbanja,,dialect,Africa,,
bomb1266,Bomboli,,dialect,Africa,,
bomb1261,Bomboli-Bozaba,bml,language,Africa,1.99315,18.5131
bomb1262,Bomboma,bws,language,Africa,2.40195,18.7841
bomb1239,Bombori,,dialect,Africa,,
bomb1259,Bomborokuy,,dialect,Africa,,
bomi1238,Bomitaba,zmx,language,Africa,1.70044,17.3733
bomk1234,Bom-Kim,bmf,language,Africa,9.27518,-11.59696
bomo1238,Bomokandi,,dialect,Africa,,
bomu1247,Bomu,bmq,language,Africa,12.3816,-4.538
bomu1250,Bomudi,,dialect,Africa,,
bomu1248,Bomu (Gokana),,dialect,Africa,,
bomu1249,Bomui,,dialect,Africa,,
bomv1238,Bomvana,,dialect,Africa,,
bomw1238,Bomwali,bmw,language,Africa,1.71005,15.9546
bonn1241,Bon,,dialect,Africa,,
bona1251,Bona,,dialect,Africa,,
bond1247,Bondei,bou,language,Africa,-5.10749,38.5079
bond1246,Bondoukou Kulango,kzc,language,Africa,7.85945,-2.87379
bond1252,Bondum Dom,,dialect,Africa,,
bong1284,Bongili,bui,language,Africa,0.37063,16.6079
bong1285,Bongo,bot,language,Africa,7.4145,27.9918
bong1286,Bong'omeek,,dialect,Africa,,
bong1283,Bongo (Mid-Southern Banda),,dialect,Africa,,
bong1298,Bongor,,dialect,Africa,,
bong1299,Bongor-Jodo-Tagal-Berem-Gunu,,dialect,Africa,,
bong1302,Bongor Pidgin Arabic,,dialect,Africa,,
bong1282,Bon Gula,glc,language,Africa,10.6577,19.5774
boni1238,Boniange,,dialect,Africa,,
bonk1243,Bonkeng,bvg,language,Africa,4.66054,9.76306
bonn1242,Bonny-Opobo,,dialect,Africa,,
bony1234,Bonya Uduk,,dialect,Africa,,
bonz1238,Bonzio,,dialect,Africa,,
booo1257,Boo,,dialect,Africa,,
book1240,Book,,dialect,Africa,,
boon1242,Boon,bnl,language,Africa,0.41988,43.1208
boon1238,Booni,,dialect,Africa,,
boor1242,Boor,bvf,language,Africa,10.0904,17.5648
boor1238,Boorim,,dialect,Africa,,
boow1238,Boow,,dialect,Africa,,
boqq1234,Boqqoya,,dialect,Africa,,
borr1242,Bor,,dialect,Africa,,
bora1272,Borana,,dialect,Africa,,
bora1271,Borana-Arsi-Guji Oromo,gax,language,Africa,1.05676,37.882
borg1237,Borgu,,language,Africa,,
borg1235,Borgu Fulfulde,fue,language,Africa,9.801,3.988
born1252,Borna (Democratic Republic of Congo),bxx,language,Africa,1.79156,26.0814
boro1283,Boro,xxb,language,Africa,7.496728,0.362291
boro1276,Borobo,,dialect,Africa,,
boro1277,Boro (Ethiopia),bwo,language,Africa,10.6596,35.345
boro1275,Boroma,,dialect,Africa,,
boro1274,Bororo of Kano and Zaria,,dialect,Africa,,
boru1244,Bo-Rukul,mae,language,Africa,8.9352,8.90506
bosa1244,Bosambi,,dialect,Africa,,
bosh1241,Bosha,,dialect,Africa,,
bosh1244,Boshof,,dialect,Africa,,
boso1244,Boso,,dialect,Africa,,
boss1242,Bossangoa,,dialect,Africa,,
boss1241,Bossoum,,dialect,Africa,,
bota1238,Botai,,dialect,Africa,,
boto1248,Boto,,dialect,Africa,9.73333,9.23333
botu1238,Botunga,,dialect,Africa,,
boue1238,Boúe,,dialect,Africa,,
bouf1238,Boufale,,dialect,Africa,,
bouk1238,Boukhou,,dialect,Africa,,
boun1242,Bouna,,dialect,Africa,,
boun1243,Bouna Kulango,nku,language,Africa,8.46011,-2.74627
boun1244,Bounou,,dialect,Africa,,
bour1249,Bouroum Koh,,dialect,Africa,,
bowe1238,Bowena,,dialect,Africa,,
boya1242,Boyali,,dialect,Africa,,
boza1238,Bozaba,bzo,dialect,Africa,2.07295,18.6784
bozo1251,Bozom,,dialect,Africa,,
buuu1244,Bu,jid,language,Africa,9.05077,8.65697
buaa1245,Bua,bub,language,Africa,9.92491,18.0821
buam1238,Buamu,box,language,Africa,11.1687,-3.50303
buba1239,Bubanda,,dialect,Africa,,
bube1242,Bube,bvb,language,Africa,3.53638,8.68929
bubi1250,Bubi,buw,language,Africa,-1.16762,12.32251
bubi1249,Bubia,bbx,language,Africa,4.02178,9.22304
bubi1239,Bubi (Kele),,dialect,Africa,,
bubu1234,Bubu,,dialect,Africa,,
bubu1235,Bubu Gula,,dialect,Africa,,
budi1248,Budigri,,dialect,Africa,,
budo1240,Budon Kakanda,,dialect,Africa,,
budu1250,Budu,buu,language,Africa,2.00501,27.951
budu1264,Budugum,,dialect,Africa,,
budu1265,Buduma,bdm,language,Africa,13.0692,14.4492
budy1238,Budya,,dialect,Africa,,
budz1238,Budza,bja,language,Africa,2.19951,22.6107
bufu1238,Bufumbwa,,dialect,Africa,,
buga1248,Buga-Kxoe,,dialect,Africa,,
buge1238,Buge,,dialect,Africa,,
bugo1238,Bugombe,,dialect,Africa,,
bugu1248,Bugudum,,dialect,Africa,,
bugu1247,Bugumbe,,dialect,Africa,,
buha1234,Buhar,,dialect,Africa,,
buji1242,Buji,,dialect,Africa,,
buji1243,Bujiyel,,dialect,Africa,,
buka1254,Buka (Banda-Mbres),,dialect,Africa,,
buka1255,Bukala,,dialect,Africa,,
buki1246,Bukira,,dialect,Africa,,
buku1248,Bukur,,dialect,Africa,,
buku1249,Bukusu,bxk,language,Africa,0.68043,34.7719
bukw1238,Bukwen,buz,language,Africa,6.9415,10.2006
bule1242,'Bulengee,,dialect,Africa,,
buli1260,Buli (Bauchi State),uly,language,Africa,10.22809,9.77206
buli1254,Buli (Ghana),bwu,language,Africa,10.5763,-1.26748
bull1248,Bulla,,dialect,Africa,,
bull1247,Bullom So,buy,language,Africa,9.0,-13.16
bulu1251,Bulu (Cameroon),bum,language,Africa,3.16141,11.6365
bulu1250,Buluf,,dialect,Africa,,
bulu1252,Buluyiema,,dialect,Africa,,
bumm1238,Bum,bmv,language,Africa,6.48655,10.418
buma1244,Bumaji,byp,language,Africa,6.4491,9.36028
buma1245,Buma-Kxoe,,dialect,Africa,,
bumb1240,Bumbira,,dialect,Africa,,
bumo1235,Bumo,,dialect,Africa,,
bumw1238,Bumwangi,,dialect,Africa,,
bung1259,Bung,bqd,language,Africa,6.40736,11.6389
bung1267,Bungase,,dialect,Africa,,
bung1266,Bungo,,dialect,Africa,,
bung1265,Bungu,wun,language,Africa,-8.32587,32.8801
bunj1246,Bunji (Atlantic-Congo),,dialect,Africa,,
buno1241,Bunoge Dogon,dgb,language,Africa,14.43,-3.49
bura1272,Bura,,dialect,Africa,,
bura1273,Buraadiga,,language,Africa,-3.9,34.1
bura1271,Burak,bys,language,Africa,9.49451,11.0698
bura1269,Buraka,bkg,language,Africa,4.42283,20.7161
bura1293,Bura Kokura,,dialect,Africa,,
bura1268,Burama,,dialect,Africa,,
bura1292,Bura-Pabir,bwr,language,Africa,10.4822,12.3007
bura1295,Bura Sign Language,,language,Africa,10.478601,12.28484
bure1242,Bure,bvh,language,Africa,10.4603,10.4554
burg1247,Burghersdorp,,dialect,Africa,,
burj1242,Burji,bji,language,Africa,4.44624,38.4646
burk1234,Burkina Faso Sign Language,,language,Africa,12.363514,-1.5238
buru1298,Buru,,dialect,Africa,,
buru1299,Buru-Angwe,bqw,language,Africa,7.01091,10.8617
buru1297,Buru (Banda-Banda),,dialect,Africa,,
buru1324,Burullus,,dialect,Africa,,
buru1300,Burulo,,dialect,Africa,,
buru1323,Burundi Pidgin French,,language,Africa,,
buru1325,Burundi Sign Language,lsb,dialect,Africa,,
buru1320,Burunge,bds,language,Africa,-5.21369,35.963
buru1326,Buru (Nigeria),,dialect,Africa,,
buru1318,Buruwa,,dialect,Africa,,
busa1253,Busa,bqp,language,Africa,9.91074,4.39929
busa1251,Busam,bxs,language,Africa,5.8604,9.68068
buse1238,Busere Bongo,,dialect,Africa,,
bush1247,Bushoong,buf,language,Africa,-4.69463,21.4556
busi1239,Busi,,dialect,Africa,,
buso1242,Buso,bso,language,Africa,12.5008,17.6011
buss1239,Bussa,dox,language,Africa,5.74987,37.2017
busu1243,Busu Djanga,,dialect,Africa,,
busu1244,Busuu,bju,language,Africa,6.68152,9.78433
bute1243,Bute Bamnyo,,dialect,Africa,,
buuu1246,Buu,,language,Africa,6.54,10.28
buwa1239,Buwag,,dialect,Africa,,
buwa1245,Buwag-Jog Tao,,dialect,Africa,,
buwa1243,Buwal,bhs,language,Africa,10.6151,13.8838
buya1245,Buya,byy,language,Africa,-4.90828,26.298
buya1246,Buya (Loko),,dialect,Africa,,
buyu1239,Buyu,byi,language,Africa,-5.41806,28.5545
zara1252,Bu (Zaranda),zbu,language,Africa,10.28,9.57
buzi1238,Buzi,,dialect,Africa,,
bver1238,Bveri,,dialect,Africa,,
bvum1238,Bvumba,,dialect,Africa,,
bwaa1238,Bwa,bww,language,Africa,2.5957,25.2514
bwak1245,Bwaka (Mbati),,dialect,Africa,,
bwal1234,Bwal-Goram,,dialect,Africa,,
bwol1240,Bwall,,dialect,Africa,,
bwan1240,Bwana,,dialect,Africa,,
bwaz1238,Bwazza,,dialect,Africa,,
bwek1239,Bweko,,dialect,Africa,,
bwel1238,Bwela,bwl,language,Africa,3.22,19.28
bwen1238,Bwende,,dialect,Africa,,
bwil1245,Bwile,bwc,language,Africa,-8.3041,29.4071
bwil1244,Bwilim,,dialect,Africa,,
bwis1241,Bwisha,,dialect,Africa,,
bwis1242,Bwisi,bwz,language,Africa,-3.23686,11.9595
bwon1234,Bwonyin,,dialect,Africa,,
nucl1407,Byep,,dialect,Africa,,
byep1241,Byep-Besep,mkk,language,Africa,4.57276,13.46245
beri1256,Bʿēri,,dialect,Africa,,
caaa1238,Ca',,dialect,Africa,,
cach1242,Cacheu-Ziguinchor Creole,,dialect,Africa,,
cage1238,Cagere,,dialect,Africa,,
caia1239,Caia,,dialect,Africa,,
cair1238,Cairene Arabic,,dialect,Africa,,
caka1240,Caka,ckx,language,Africa,6.26979,9.77746
cakf1236,Cakfem-Mushere,cky,language,Africa,9.00924,9.16071
cama1249,Cama,,dialect,Africa,,
cama1248,Camajere,,dialect,Africa,,
camb1245,Cambap,,dialect,Africa,,
twen1242,Cambap-Langa,twn,language,Africa,6.36656,11.7002
came1254,Cameroon Pidgin,wes,language,Africa,5.43932,9.80166
camo1250,Camo,,dialect,Africa,,
camt1236,Camtho,cmt,language,Africa,-26.247,27.942
cang1246,Cangin-Noon,,dialect,Africa,,
cang1247,Cangu-Kombe-Ngoro,,dialect,Africa,,
cans1238,Cansu,,dialect,Africa,,
cape1241,Cape Afrikaans,,dialect,Africa,,
capr1234,Caprivi Yeyi,,dialect,Africa,,
cara1270,Cara,cfd,language,Africa,10.1281,8.74567
cara1246,Cara (Botswana),,dialect,Africa,,
caun1238,Caundu,,dialect,Africa,,
cayo1238,Cayor,,dialect,Africa,,
ceem1238,Ceemba,,dialect,Africa,,
cele1241,Cele,,dialect,Africa,,
cenn1238,Cen,cen,language,Africa,9.6896,9.0218
cenn1239,Cen (Berom),,dialect,Africa,,
ceng1238,Cenge,,dialect,Africa,,
cent2017,Central,,dialect,Africa,,
cent2029,Central Abuan,,dialect,Africa,,
cent2192,Central Afar,,dialect,Africa,,
cent2195,Central Atlas,,dialect,Africa,,
cent2416,Central Aures,,dialect,Africa,,
cent2334,Central Aweer,,dialect,Africa,,
nucl1413,Central Bafut,,dialect,Africa,,
cent2362,Central Barain,,dialect,Africa,,
cent2040,Central Bassa,,dialect,Africa,,
cent2036,Central Bomitaba,,dialect,Africa,,
cent2034,Central Chuwabo,,dialect,Africa,,
sout2789,Central Dagaare,dga,language,Africa,10.4226,-2.52265
cent2051,Central Damara,,dialect,Africa,,
cent2187,Central Dangaleat,,dialect,Africa,,
sout3113,Central Delta Nile Arabic,,dialect,Africa,,
cent2035,Central Dibole,,dialect,Africa,,
cent2018,Central-Eastern Niger Fulfulde,fuq,language,Africa,15.0907,8.43261
cent2037,Central Fe'Fe',,dialect,Africa,,
cent2024,Central Gourmanchema,,dialect,Africa,,
cent2041,Central Grebo,grv,language,Africa,4.88038,-7.88667
cent2376,Central Guinean Loma,,dialect,Africa,,
cent2030,Central Ibibio,,dialect,Africa,,
cent2300,Central Ju,,language,Africa,-19.566667,18.116667
cent2367,Central Kakabe,,dialect,Africa,,
cent2050,Central Kanuri,knc,language,Africa,11.8,13.13
cent2039,Central Klaoh,,dialect,Africa,,
cent2048,Central Kono,,dialect,Africa,,
cent2032,Central Koongo,,dialect,Africa,,
cent2190,Central Laamang,,dialect,Africa,,
cent2349,Central Lendu,,dialect,Africa,,
cent2025,Central Lyélé,,dialect,Africa,,
cent2189,Central Mafa,,dialect,Africa,,
cent2033,Central Makua,,dialect,Africa,,
cent2188,Central Masa,,dialect,Africa,,
cent2312,Central Mfumte,,language,Africa,6.67876,10.967982
cent2194,Central Moroccan Berber,tzm,language,Africa,32.7415,-2.40872
cent2348,Central Ngiti,,dialect,Africa,,
cent2361,Central-Northern-Eastern Šarqiyya,,dialect,Africa,,
cent2366,Central-Northwestern Kakabe,,dialect,Africa,,
cent2333,Central Rif,,dialect,Africa,,
cent2359,Central Saho,,dialect,Africa,,
cent2379,Central Senari,,dialect,Africa,,
cent2215,Central Soqotri,,dialect,Africa,12.475,53.788
cent2338,Central Tigre,,dialect,Africa,,
mbal1255,Central Wambo,lnb,language,Africa,-17.578884,16.027517
cent2383,Central Wolof,,dialect,Africa,,
cent2386,Central Wonk,,dialect,Africa,,
bunu1266,Central Yoruba,,dialect,Africa,,
cepp1238,Cep,,dialect,Africa,,
cerm1238,Cerma,cme,language,Africa,10.1245,-4.94917
ceru1238,Cerumba,,dialect,Africa,,
chaa1238,Cha',,dialect,Africa,,
dans1239,Chaari,cxh,language,Africa,10.00982,9.20784
chad1249,Chadian Arabic,shu,language,Africa,14.67,13.5
chad1238,Chadian Sign Language,cds,language,Africa,12.1115,15.2481
chag1251,Chagossian Creole,,dialect,Africa,,
chah1248,Chaha,,dialect,Africa,,
chah1242,Chahi,,dialect,Africa,,
chai1252,Chai,,dialect,Africa,,
chak1271,Chakali,cli,language,Africa,9.83446,-1.90181
chak1275,Chakato,,language,Africa,9.044733,9.503132
chak1245,Cha kawaida,,dialect,Africa,,
chak1276,Chakfem,,dialect,Africa,,
chal1269,Chala,cll,language,Africa,8.00089,0.50896
chal1268,Chali Uduk,,dialect,Africa,,
cham1337,Chamba Donga,,dialect,Africa,,
cham1311,Chamus,,dialect,Africa,,
chan1289,Cha ndani,,dialect,Africa,,
chan1318,Changana,,dialect,Africa,,
tach1249,Chaouia of the Aures,shy,language,Africa,35.1867,6.88901
char1269,Chara,cra,language,Africa,6.63946,36.4192
char1283,Chari-Baguirmi,,dialect,Africa,,
chaw1244,Chawia,,dialect,Africa,,
chee1238,Che,ruk,language,Africa,10.0031,8.67024
ched1238,Chedepo,,dialect,Africa,,
chen1265,Chena,,dialect,Africa,,
cher1271,Cherepon,cpn,language,Africa,6.05387,-0.10955
cher1272,Cherii,,dialect,Africa,,
chew1246,Chewa,,dialect,Africa,,
chig1238,Chiga,cgg,language,Africa,-1.04387,29.9122
chik1250,Chikamanga,,dialect,Africa,,
chik1255,Chikide,,dialect,Africa,,
chik1249,Chikonono,,dialect,Africa,,
kund1255,Chikunda,kdn,language,Africa,-15.7337,30.2804
chil1261,Chilapalapa,,dialect,Africa,,
chim1312,Chimwiini,,language,Africa,1.111787,44.026991
chin1496,Chinese-Ethiopian Road Site Pidgin,,language,Africa,8.96543,38.7631
chin1481,Chinguil,,dialect,Africa,,
ngon1271,Chipata Nsenga,,dialect,Africa,,
chip1260,Chipoka,,dialect,Africa,,
chir1285,Chiroro-Kursi,,dialect,Africa,,
chis1242,Chishinga,,dialect,Africa,,
chit1281,Chitonga,,dialect,Africa,,
chit1282,Chitumbuka,,dialect,Africa,,
chok1245,Chokwe,cjk,language,Africa,-9.66082,21.3992
chon1287,Chonyi-Dzihana-Kauma,coh,language,Africa,-6.518,38.672
chop1243,Chopi,cce,language,Africa,-24.8327,34.1097
chor1271,Choruba,,dialect,Africa,,
chuk1274,Chuka,cuh,language,Africa,-0.27405,37.6116
chum1261,Chumburung,ncu,language,Africa,8.15211,-0.2755
cung1238,Chung,cnq,language,Africa,6.59687,10.4104
chuw1238,Chuwabu,chw,language,Africa,-17.3428,37.1231
chwa1242,Chwaka,,dialect,Africa,,
ciba1236,Cibak,ckl,language,Africa,10.8977,12.902
cici1237,Cicipu,awc,language,Africa,11.0417,5.54073
ciec1238,Ciec,,dialect,Africa,,
cien1238,Cien,,dialect,Africa,,
cigb1235,Ci Gbe,cib,language,Africa,6.84217,2.02134
cika1238,Cikabanga,,dialect,Africa,,
cile1234,Cilenge,,dialect,Africa,,
cili1235,Cilinji,,dialect,Africa,,
cind1242,Cinda,,dialect,Africa,,
cine1238,Cineni,cie,language,Africa,11.1319,13.8187
cisu1234,Cisundi Cabinda,,dialect,Africa,,
ciwo1236,Ciwogai,tgd,language,Africa,10.8881,9.88558
west2473,Ciwoyo,,dialect,Africa,,
ciza1234,Cizali,,dialect,Africa,,
clel1238,C'lela,dri,language,Africa,11.4653,5.26544
coas1292,Coastal Makwe,,dialect,Africa,,
coas1328,Coastal Vili,,dialect,Africa,,
cobe1238,Cobecha,,dialect,Africa,,
cole1234,Colesberg,,dialect,Africa,,
colo1255,Colo,,dialect,Africa,,
como1258,Como Karim,cfg,language,Africa,8.86601,10.816
cong1236,Congo Swahili,swc,language,Africa,-7.2692,27.4196
cons1245,Constantine,,dialect,Africa,,
copi1238,Copi,,dialect,Africa,,
copt1239,Coptic,cop,language,Africa,29.472,31.2053
coro1246,Coro,,dialect,Africa,,
cour1234,Court Bafut,,dialect,Africa,,
cros1244,Cross River Mbembe,mfn,language,Africa,6.16926,8.23592
cuat1240,Cua (Tshwa),,dialect,Africa,,
cuba1236,Cuba,cbq,language,Africa,10.260725,4.684594
curr1242,Cur,,dialect,Africa,,
tait1247,Cushitic Taita,,language,Africa,,
cutc1238,Cutchi-Swahili,ccl,language,Africa,-3.13905,38.6217
cuvo1236,Cuvok,cuv,language,Africa,10.6448,14.0006
cwib1235,Cwi Bwamu,bwy,language,Africa,11.4182,-2.95115
daas1238,Daasanach,dsh,language,Africa,4.58879,35.9888
daat1234,Daats'iin,dtn,language,Africa,11.5284,35.2226
nucl1683,Daba,dbq,language,Africa,10.3521,13.6318
daba1244,Dabai,,dialect,Africa,,
daba1260,Dabarre,dbr,language,Africa,1.2179,43.3304
daba1243,Dabatna,,dialect,Africa,,
dabr1234,Dabrimeela,,dialect,Africa,,
dabu1241,Dabuso,,dialect,Africa,,
dadi1249,Dadiya,dbd,language,Africa,9.62705,11.3587
dadj1238,Dadja,,dialect,Africa,,
dafa1242,Dafa,,dialect,Africa,,
daff1239,Daffo-Butura,,dialect,Africa,,
daga1272,Dagaari Dioula,dgd,language,Africa,11.6839,-2.48569
dagb1248,Dagba,dgk,language,Africa,8.84278,18.4847
dagb1247,Dagbala,,dialect,Africa,,
dagb1246,Dagbani,dag,language,Africa,9.64745,-0.43227
dage1243,Dagel,,dialect,Africa,,
daga1273,Dagera,,dialect,Africa,,
dagi1241,Dagik,dec,language,Africa,10.583,29.9404
dagl1238,Dagli,,dialect,Africa,,
daha1247,Dahalik,dlk,language,Africa,15.732898,40.081897
daha1245,Dahalo,dal,language,Africa,-2.1843,40.37
daha1240,Dahanmu,,dialect,Africa,,
daho1238,Daho-Doo,das,language,Africa,5.72458,-7.3558
dair1239,Dair,drb,language,Africa,12.474,30.6782
daja1240,Daja,,dialect,Africa,,
dakp1243,Dakpa,,dialect,Africa,,
daku1239,Dakunza,,dialect,Africa,,
dall1239,Dallol,,dialect,Africa,,
dalo1238,Daloa Bété,bev,language,Africa,6.69281,-6.63944
dalo1239,Daloka,,dialect,Africa,,
damm1238,Dam,,dialect,Africa,,
dama1267,Dama (Cameroon),dmm,language,Africa,8.72207,14.0597
dama1277,Damagaram,,dialect,Africa,,
dama1268,Damakawa,dam,language,Africa,11.0808,5.4914
dama1270,Damara,,dialect,Africa,,
dama1262,Dama (Sierra Leone),,language,Africa,,
dama1269,Damat,,dialect,Africa,,
damb1245,Damba,,dialect,Africa,,
damb1244,Dambi (Kenya),,dialect,Africa,,
damb1250,Dambiya,,dialect,Africa,,
damo1238,Damongo,,dialect,Africa,,
dann1241,Dan,daf,language,Africa,7.22812,-8.24535
buld1238,Dana,,language,Africa,9.267004,33.710946
dand1239,Danda,,dialect,Africa,,
dang1274,Dangaleat,daa,language,Africa,12.1517,18.385
dani1286,Danisi,,dialect,Africa,,
dank1238,Dankyira,,dialect,Africa,,
danm1238,Dan Muure,,dialect,Africa,,
dans1240,Danster !Ui,gku,language,Africa,-28.11,24.86
dapo1239,Dapo,,dialect,Africa,,
daqa1234,Daqahliyya-Eastern Kr. išŠēx-Parts of Ġarbiyya,,dialect,Africa,,
dard1243,Dar Daju Daju,djc,language,Africa,12.1187,18.7996
dare1242,Dar El Kabira,,dialect,Africa,,
darf1238,Dar Fur,,dialect,Africa,,
darf1239,Dar Fur Daju,daj,language,Africa,12.2598,25.3127
dari1254,Dari (Chadic),,dialect,Africa,,
dars1235,Dar Sila Daju,dau,language,Africa,11.9861,22.2013
dass1243,Dass,dot,language,Africa,9.9325,9.51838
dass1239,Dassari,,dialect,Africa,,
dawr1243,Dawra,,dialect,Africa,,
dawr1236,Dawro,dwr,language,Africa,6.95,37.0
daxe1238,Daxe,,dialect,Africa,,
dayy1236,Day,dai,language,Africa,8.52612,17.5146
daza1244,Daza,dzd,language,Africa,10.30573,10.73936
daza1242,Dazaga,dzg,language,Africa,15.7358,15.8517
ddra1238,Ddralo,,dialect,Africa,,
deee1239,De,,dialect,Africa,,
debo1238,Débo,,dialect,Africa,,
debr1242,Debri,,dialect,Africa,,
dede1238,Dede,,dialect,Africa,,
dedi1238,Dediebo,,dialect,Africa,,
deen1238,Deenu,,dialect,Africa,,
defa1250,Defa,,dialect,Africa,,
defa1248,Defaka,afn,language,Africa,4.58451,7.50186
defa1249,Defale,,dialect,Africa,,
defi1235,Defi Gbe,gbh,language,Africa,6.40718,2.68609
degg1238,Deg,mzw,language,Africa,8.43846,-2.28724
dega1239,Dega,,dialect,Africa,,
dege1246,Degema,deg,language,Africa,4.73373,6.80991
dege1245,Degere,,language,Africa,,
dego1238,Degodia,,dialect,Africa,,
dekk1240,Dek,dek,language,Africa,11.0183,14.4833
doko1243,Deko-Dusanga,uya,language,Africa,5.39961,8.26925
deko1238,Dekoka,,dialect,Africa,,
delo1240,Delo,ntr,language,Africa,7.90997,0.59728
dema1235,Dema,dmx,language,Africa,-15.73939,32.32783
demb1239,Dembiya,,dialect,Africa,,
demi1241,Demik,,dialect,Africa,,
demo1234,Demotic Egyptian,,dialect,Africa,,
dems1242,Demsa,,dialect,Africa,,
dems1243,Demshin,,dialect,Africa,,
dend1243,Dendi (Benin),ddn,language,Africa,11.6682,3.49109
dend1242,Dendi (Central African Republic),deq,language,Africa,4.48146,22.566
deng1249,Deng,,dialect,Africa,,
deng1250,Dengese,dez,language,Africa,-3.26337,21.4194
deng1251,Dengsa,,dialect,Africa,,
deno1239,Deno,dbb,language,Africa,10.63147,10.43937
deny1238,Denya,anv,language,Africa,5.97237,9.39989
depl1238,Deple,,dialect,Africa,,
dera1248,Dera (Nigeria),kna,language,Africa,10.072,12.0256
dere1242,Dere,,dialect,Africa,,
deru1238,Deruwo,,dialect,Africa,,
deti1240,Deti,,dialect,Africa,,
dewi1238,Dewiya,,dialect,Africa,,
dewo1238,Dewoin,dee,language,Africa,6.56113,-10.9076
dghw1239,Dghwede,dgh,language,Africa,11.05751,13.77847
dhai1238,Dhaiso,dhs,language,Africa,-4.81209,38.818
dhoo1234,Dhoo Dan,,dialect,Africa,,
dhop1238,Dhopaluo,,dialect,Africa,,
diab1238,Diabe,,dialect,Africa,,
diam1238,Diamala,,dialect,Africa,,
diba1240,Dibate,,dialect,Africa,,
dibo1247,Dibo,dio,language,Africa,9.0611,6.3731
dibo1245,Dibole,bvx,language,Africa,1.07773,17.2305
dibo1246,Diboum,,dialect,Africa,,
didi1255,Didi,,dialect,Africa,,
didi1258,Didinga,did,language,Africa,4.21489,33.6869
diga1245,Digam,,dialect,Africa,,
digo1243,Digo,dig,language,Africa,-4.62101,39.1752
dihi1238,Dihina,,dialect,Africa,,
diii1241,Dii,dur,language,Africa,7.77412,13.9884
diji1242,Dijim,,dialect,Africa,,
diji1241,Dijim-Bwilim,cfa,language,Africa,9.67567,11.5201
diko1242,Diko,,dialect,Africa,,
diko1241,Dikota,,dialect,Africa,,
diku1238,Dikuta,,dialect,Africa,,
dill1242,Dilling,dil,language,Africa,12.0347,29.6056
dima1246,Dima-Bottego,,language,Africa,,
dimb1238,Dimbong,dii,language,Africa,4.80551,10.9888
dime1235,Dime,dim,language,Africa,6.20951,36.3329
dime1245,Dimeo,,dialect,Africa,,
ding1239,Ding,diz,language,Africa,-4.44304,19.3881
dioo1238,Dio,,dialect,Africa,,
diob1238,Diobass,,dialect,Africa,,
diou1238,Dioula Véhiculaire,,dialect,Africa,,
dirr1240,Dir,,dialect,Africa,10.20833,9.70833
dira1242,Dirasha,gdl,language,Africa,5.60452,37.4026
diri1259,Diri,dwa,language,Africa,11.1701,9.32363
diri1252,Diriku-Shambyu,diu,language,Africa,-18.1681,20.6678
lund1276,Dir-Nyamzak-Mbarimi,nzr,language,Africa,10.16017,9.7391
diro1234,Dirong-Guruf,,dialect,Africa,,
diso1238,Disoha,,dialect,Africa,,
disa1239,Dissa-Canton Mufa,dsi,language,Africa,10.3218,19.2156
dita1238,Ditammari,tbz,language,Africa,10.1614,1.18045
divo1238,Divo,,dialect,Africa,,
dizi1235,Dizin,mdx,language,Africa,6.1405,35.5763
djad1245,Djadha,,dialect,Africa,,
djaf1238,Djafolo,,dialect,Africa,,
djam1257,Djama,,dialect,Africa,,
djem1238,Djembe,,dialect,Africa,,
djen1242,Djenné Chiini,,dialect,Africa,,
zarm1241,Djerma,,dialect,Africa,,
djid1238,Djidanan,,dialect,Africa,,
djim1239,Djimi,,dialect,Africa,,
djim1235,Djimini Senoufo,dyi,language,Africa,8.36279,-4.45627
djof1234,Djofe,,dialect,Africa,,
nucl1359,Djong,,dialect,Africa,,
djou1239,Djougou,,dialect,Africa,,
djou1238,Djougoure,,dialect,Africa,,
djua1238,Djuablin,,dialect,Africa,,
dlig1238,Dlige,,dialect,Africa,,
dlog1238,Dlogo,,dialect,Africa,,
dobi1240,Dobbi,,dialect,Africa,,
dodo1240,Dodos,,dialect,Africa,,
doee1238,Doe,doe,language,Africa,-6.25844,38.4902
doee1242,Doe (Chadic),,dialect,Africa,,
dofa1238,Dofana,,dialect,Africa,,
doga1242,Doga (Chad),,dialect,Africa,,
dogb1238,Dogbo,,dialect,Africa,,
dogo1296,Dogo,,dialect,Africa,,
dogo1297,Dogoridi,,dialect,Africa,,
dogo1295,Dogosé,dos,language,Africa,10.1899,-4.1493
dogo1294,Dogoso,dgs,language,Africa,10.0489,-4.35805
dogu1235,Dogul Dom Dogon,dbg,language,Africa,14.5872,-3.56855
doka1243,Doka (Congo),,dialect,Africa,,
doka1247,Doka (Nigeria),,dialect,Africa,,
doko1244,Doko (Democratic Republic of Congo),,dialect,Africa,,
lush1256,Dokshi,dsk,language,Africa,10.03206,9.41984
doli1242,Doliki,,dialect,Africa,,
doli1238,'Dolimi,,dialect,Africa,,
doma1264,Doma,,dialect,Africa,,
doma1261,Doma (Alago),,dialect,Africa,,
domb1245,Domba,,dialect,Africa,,
domb1247,Dombe,,dialect,Africa,,
domd1234,Dombondola,,dialect,Africa,,
domk1238,Domkhoe,,dialect,Africa,,
domn1238,Domno,,dialect,Africa,,
domo1238,Domo,,dialect,Africa,,
domp1238,Dompo,doy,language,Africa,8.182,-2.295
dond1246,Dondo (Ndau),,dialect,Africa,,
dond1248,Dondongo,,dialect,Africa,,
dong1293,Dong,doh,language,Africa,8.64119,11.9924
dong1291,Donga,,dialect,Africa,,
dong1292,Donga (Jukun Takum),,dialect,Africa,,
came1252,Donga Mambila,mcu,language,Africa,6.43829,11.41953
dong1295,Dongjol,,dialect,Africa,,
dong1290,Dongo,doo,language,Africa,2.96683,29.9619
dong1296,Dongo Kresh,,language,Africa,10.0,24.6
dong1288,Dongola,dgl,dialect,Africa,18.25,30.75
dong1294,Dongotono,ddd,language,Africa,4.43426,33.2429
donn1239,Donno So Dogon,dds,language,Africa,14.34019,-3.51468
dook1241,Dooka,,dialect,Africa,,
doon1238,Doondo,dde,language,Africa,-4.30483,13.5641
dorr1240,Dor,,dialect,Africa,,
dorb1243,Dorbor,,dialect,Africa,,
dori1249,Dorik,,dialect,Africa,,
doro1263,Dorobe,,dialect,Africa,,
doro1261,Dorobo (Central Grebo),,dialect,Africa,,
dorr1249,Dor (Saharan),,dialect,Africa,,
dors1239,Dorsha,,dialect,Africa,,
dorz1235,Dorze,doz,language,Africa,6.25237,37.5554
doue1234,Douentza Sign Language,,language,Africa,15.006344,-2.956465
doug1241,Dougne,,dialect,Africa,,
doug1242,Douguia,,dialect,Africa,,
doui1234,Douiret-Chenini,,dialect,Africa,,
doun1238,Douna,,dialect,Africa,,
dour1238,Dourbeye,,dialect,Africa,,
dour1242,Douroun,,dialect,Africa,,
douz1234,Douz Sign Language,,language,Africa,33.45,9.01667
dowo1234,Dowodi,,dialect,Africa,,
doya1240,Doyayo,dow,language,Africa,8.68604,13.0768
droo1238,Dro,,dialect,Africa,,
dual1243,Duala,dua,language,Africa,4.10208,9.61877
duro1238,Du-Foron,,dialect,Africa,,
dugb1238,Dugbo,,dialect,Africa,,
dugu1250,Dugujur,,dialect,Africa,,
dugu1248,Dugun,ndu,language,Africa,8.38689,13.3966
dugu1258,Dugur,,dialect,Africa,,
dugu1249,Duguri,dbm,language,Africa,10.05,10.21
dugu1257,Duguri (Chad),,dialect,Africa,,
dugw1239,Dugwor,dme,language,Africa,10.752,14.2134
duhw1236,Duhwa,kbz,language,Africa,9.32586,8.77995
dukl1234,Dukli,,dialect,Africa,,
dukp1238,Dukpu,,dialect,Africa,,
dukw1238,Dukwara,,dialect,Africa,,
dulb1238,Dulbu,dbo,language,Africa,10.1911,9.94759
duli1241,Duli-Gewe,duz,language,Africa,9.11241,13.4232
duma1253,Duma,dma,language,Africa,-0.91927,13.0046
duma1252,Duma (Karanga),,dialect,Africa,,
dume1236,Dume,,language,Africa,,
dume1239,Dume (Vame),,dialect,Africa,,
dung1254,Dungu,dbv,language,Africa,10.5043,8.19543
dunj1238,Dunje,,dialect,Africa,,
durr1240,Durr-Baraza,,dialect,Africa,,
duru1249,Duruma,dug,language,Africa,-4.09629,39.322
duun1242,Duungooma,dux,language,Africa,10.9234,-5.85872
duup1238,Duupa,dae,language,Africa,8.55031,13.4544
duur1238,Duurum,,dialect,Africa,,
duwa1244,Duwai,dbp,language,Africa,12.803,11.3367
idun1241,Dũya,ldb,language,Africa,9.12585,7.77525
dwan1238,Dwang,nnu,language,Africa,7.70712,-0.43011
dwem1238,Dwemu,,dialect,Africa,,
dwer1238,Dwera,,dialect,Africa,,
dyan1251,Dyan,dya,language,Africa,10.8342,-3.59179
dyar1234,Dyarim,dyr,language,Africa,10.03,9.065
dyol1239,Dyolof,,dialect,Africa,,
dyul1238,Dyula,dyu,language,Africa,9.291,-4.5823
dzaa1238,Dza,jen,language,Africa,9.26671,11.3884
dzam1242,Dzamba,,dialect,Africa,,
dzan1238,Dzando,dzn,language,Africa,2.24195,19.0022
dzin1234,Dzing Kamtsha,,dialect,Africa,,
dzin1235,Dzing Munkene,,dialect,Africa,,
dzod1238,Dzodinka,add,language,Africa,6.89005,10.7633
dzub1245,Dzuba,,dialect,Africa,,
dzuu1241,Dzùùngoo,dnn,language,Africa,11.3796,-4.92036
dzwa1238,Dzwabo,,dialect,Africa,,
earl1245,Early East African Pidgin Arabic,,language,Africa,,
east2407,East Bafwangada,,dialect,Africa,,
east2889,East Bena,,dialect,Africa,,
east2693,East Cape Afrikaans,,dialect,Africa,,
east2637,East Dangaleat,,dialect,Africa,,
east2430,Eastern Acheron,,dialect,Africa,,
east2403,Eastern Acipa,acp,language,Africa,10.7104,6.0105
east2849,Eastern Biḥēra-Kafr išŠēx-Parts of Ġarbiyya,,dialect,Africa,,
east2639,Eastern Birgit,,dialect,Africa,,
east2399,Eastern Bokyi,,dialect,Africa,,
east2794,Eastern Dan,,dialect,Africa,,
east2394,Eastern Ditammari,,dialect,Africa,,
east2402,Eastern Duka,uth,dialect,Africa,,
east2848,Eastern Egyptian Arabic,,dialect,Africa,,
east2411,Eastern Ejagham,,dialect,Africa,,
east2650,Eastern Hausa,,dialect,Africa,,
east2421,Eastern Jikany,,dialect,Africa,,
less1241,Eastern Kabyle,,dialect,Africa,,
east2408,Eastern Kalebwe,,dialect,Africa,,
east2398,Eastern Karaboro,xrb,language,Africa,10.4987,-4.52253
east2417,Eastern Keliko,,dialect,Africa,,
east2782,Eastern Kikongo,,language,Africa,-5.25,15.5
east2406,Eastern Kituba,,dialect,Africa,,
east2413,Eastern Klaoh,,dialect,Africa,,
east2392,Eastern Koromfe,,dialect,Africa,,
east2861,Eastern Kpan,,dialect,Africa,,
east2691,Eastern Libyan Arabic,,dialect,Africa,,
east2389,Eastern Macina,,dialect,Africa,,
east2395,Eastern Mampruli,,dialect,Africa,,
east2426,Eastern Maninkakan,emk,language,Africa,10.41,-9.3162
east2803,Eastern Middle Atlas Berber,,dialect,Africa,,
east2795,Eastern Nara,,dialect,Africa,,
east2422,Eastern Nuer,,dialect,Africa,,
east2652,Eastern Oromo,hae,language,Africa,8.67428,41.4395
east2804,Eastern Rif,,dialect,Africa,,
east2410,Eastern Ruli,,dialect,Africa,,
east2908,Eastern Tachawit,,dialect,Africa,,
east2419,Eastern Toposa,,dialect,Africa,,
east2390,Eastern Xwla Gbe,gbx,language,Africa,6.37803,2.54987
east2396,East Kasem,,dialect,Africa,,
east2387,East Limba,lma,language,Africa,9.71107,-11.7496
east2648,East Mafa,,dialect,Africa,,
east2409,East Nyala,nle,language,Africa,0.38163,34.6626
east2384,East Olodiama,,dialect,Africa,,
east2420,East Pokot,,dialect,Africa,,
east2869,East-Southern Koongo,,dialect,Africa,,
huaa1248,East Taa,nmn,language,Africa,-24.20022,20.79583
east2385,East Tarakiri,,dialect,Africa,,
heib1243,Ebang,hbn,language,Africa,11.2908,30.5282
ebir1243,Ebira,igb,language,Africa,8.15516,7.06183
ebod1238,Ebode,,dialect,Africa,,
ebri1238,Ebrié,ebr,language,Africa,5.36868,-4.03188
ebuu1238,Ebu,,dialect,Africa,,
ebug1241,Ebughu,ebg,language,Africa,4.82544,8.01304
ebuk1238,Ebuku,,dialect,Africa,,
ebun1242,Ebunn-Oke,,dialect,Africa,,
ebun1241,Ebunn-Ugbo,,dialect,Africa,,
eche1239,Eche,,dialect,Africa,,
edam1234,Edamme,,dialect,Africa,,
edan1238,Edangabo,,dialect,Africa,,
edec1238,Ede Cabe,cbj,language,Africa,7.78176,2.48128
edei1246,Ede Ica,ica,language,Africa,8.46128,1.82137
edei1244,Ede Idaca,idd,language,Africa,7.78428,2.27039
edei1245,Ede Ije,ijj,language,Africa,7.09729,2.64262
eden1244,Ede Nago,nqg,language,Africa,6.75763,2.64908
edir1242,Ediro,,dialect,Africa,,
efai1241,Efai,efa,language,Africa,4.60447,8.27625
efee1239,Efe,efe,language,Africa,1.8798,29.2918
efif1238,Efifa,,dialect,Africa,,
efik1245,Efik,efi,language,Africa,4.89379,8.38121
efut1242,Efutop,ofu,language,Africa,5.92431,8.35425
efut1241,Efutu,,dialect,Africa,5.34699,-0.62723
egaa1242,Ega,ega,language,Africa,5.56081,-5.41732
egba1238,Egba,,dialect,Africa,,
egbe1245,Egbedna,,dialect,Africa,,
egbe1246,Egbema,,dialect,Africa,,
egbe1244,Egbema (Ijoid),,dialect,Africa,,
egbu1235,Egbuta,,language,Africa,1.894874,22.680426
enge1239,Egene,enn,language,Africa,5.11931,6.37339
eggo1239,Eggon,ego,language,Africa,8.71442,8.45686
egni1238,Egnih,,dialect,Africa,,
egyp1246,Egyptian (Ancient),egy,language,Africa,28.381735,30.834959
egyp1253,Egyptian Arabic,arz,language,Africa,31.0,31.0
egyp1238,Egypt Sign Language,esl,language,Africa,29.567,29.654
ehom1238,Ehom,,dialect,Africa,,
ehue1238,Ehueun,ehu,language,Africa,7.450998,5.858846
eili1234,Eilim,,dialect,Africa,,
eini1234,Eini,,dialect,Africa,,
ejag1239,Ejagham,etu,language,Africa,5.54442,8.90959
ejam1238,Ejamat,eja,language,Africa,12.3355,-16.515
ejar1238,Ejar,,dialect,Africa,,
ejee1238,E Je,,dialect,Africa,,
doka1242,Ejuele,dbi,language,Africa,10.2287,7.96099
ekaj1238,Ekajuk,eka,language,Africa,6.45731,8.55058
ekam1238,Ekama,,dialect,Africa,,
ekii1242,Eke (Cameroon),,dialect,Africa,,
ekii1241,Eki,eki,language,Africa,5.1503,8.13613
ekis1238,Ekisongoora,,dialect,Africa,,
ekit1246,Ekit,eke,language,Africa,4.7645,7.89222
ekit1244,Ekiti,,dialect,Africa,,
ekiz1238,Ekiziba,,dialect,Africa,,
ekoo1238,Eko,,dialect,Africa,,
ekom1238,Ekombe,,dialect,Africa,,
ekon1238,Ekonda Mongo,,dialect,Africa,,
ekot1239,Ekoti,,dialect,Africa,,
ekpa1238,Ekparabong,,dialect,Africa,,
ekpe1252,Ekpe,,dialect,Africa,,
ekpe1251,Ekperi,,dialect,Africa,,
ekpe1250,Ekpetiama,,dialect,Africa,,
ekpe1253,Ekpeye,ekp,language,Africa,5.06715,6.53362
ekpo1238,Ekpon,,dialect,Africa,,
ekwe1238,Ekwe,,dialect,Africa,,
elel1238,Elele,,dialect,Africa,,
elem1254,Elembe,,dialect,Africa,,
elem1253,Eleme,elm,language,Africa,4.72964,7.267
elhu1238,El Hugeirat,elh,language,Africa,11.948,28.5901
elin1239,Eling,,dialect,Africa,,
fluv1238,Elinkine-Kasa (Fluvial),,dialect,Africa,,
elip1238,Elip,ekm,language,Africa,4.45694,11.193
elmo1238,El Molo,elo,language,Africa,2.79312,36.7619
elow1238,Elowa,,dialect,Africa,,
eltu1238,Elt Ulid,,dialect,Africa,,
eluu1240,Elu (Atlantic-Congo),,dialect,Africa,,
elun1241,Elun,,dialect,Africa,,
elun1242,Elung,,dialect,Africa,,
emai1242,Emai,,dialect,Africa,,
emai1241,Emai-Iuleha-Ora,ema,language,Africa,7.09089,5.84494
eman1238,Eman,emn,language,Africa,6.22923,9.70562
embu1241,Embu,ebu,language,Africa,-0.62822,37.5933
emed1238,Emede,,dialect,Africa,,
emgh1234,Emghedesie,,dialect,Africa,,
emha1238,Emhalhe,,dialect,Africa,,
emow1238,Emowhua,,dialect,Africa,,
empa1240,Empamela,,dialect,Africa,,
empe1239,Empesa Poko,,dialect,Africa,,
emug1238,Emughan,,dialect,Africa,,
emva1238,Emvane So,,dialect,Africa,,
emwa1238,Emwaja,,dialect,Africa,,
enah1238,Enaharra,,dialect,Africa,,
enat1238,Enatthembo,,dialect,Africa,,
eneg1238,Endegegny,,dialect,Africa,,
endo1242,Endo,,dialect,Africa,,
enee1238,Eneeme,,dialect,Africa,,
enen1239,Enenga,,dialect,Africa,,
ener1234,Ener,,dialect,Africa,,
engw1237,Engwi-Dzing mix of Ebama,,dialect,Africa,,
engw1234,Engwi Edzug,,dialect,Africa,,
engw1235,Engwi Engye,,dialect,Africa,,
engw1236,Engwi e Omaaya,,dialect,Africa,,
enhw1238,Enhwe,,dialect,Africa,,
enii1238,Eni,,dialect,Africa,,
enla1242,Enlai,,dialect,Africa,,
enoa1238,Enoah,,dialect,Africa,,
enwa1245,Enwan (Akwa Ibom State),enw,language,Africa,4.68739,8.20974
enwa1246,Enwan (Edo State),env,language,Africa,7.15316,6.07393
enya1249,Enya-Kindu,,language,Africa,-4.1,26.0
enya1247,Enya-Kisangani,gey,language,Africa,0.56,25.15
enya1245,Enyara,,dialect,Africa,,
enye1238,Enyembe,,dialect,Africa,,
enyo1238,Enyong,,dialect,Africa,,
epie1238,Epie,epi,language,Africa,5.00894,6.3146
epig1240,Epigi,,dialect,Africa,,
eref1238,Eref,,dialect,Africa,,
ereg1239,Eregba,,dialect,Africa,,
erei1238,Erei,,dialect,Africa,,
eren1239,Erenga,,dialect,Africa,,
erus1238,Erúsú,,dialect,Africa,,
eruw1238,Eruwa,erh,language,Africa,5.18026,6.04818
esan1238,Esan,ish,language,Africa,6.25685,6.33917
esee1246,Ese (Arigidi),,dialect,Africa,,
esel1238,Esel,,dialect,Africa,,
esim1238,Esimbi,ags,language,Africa,6.50094,9.86936
esna1234,Esna–Assuan and South of Luxor–Assuan,,dialect,Africa,,
essi1238,Essin,,dialect,Africa,,
esuk1238,Esuku,,dialect,Africa,,
esul1240,Esulalu,,dialect,Africa,,
esum1241,Esuma,esm,language,Africa,5.21504,-3.05409
esum1242,Esumbu,,dialect,Africa,,
eteb1238,Etebi,etb,language,Africa,4.79059,7.97357
eten1239,Eten,etx,language,Africa,9.73073,8.61443
ethi1238,Ethiopian Sign Language,eth,language,Africa,8.9761,38.8534
etky1238,Etkywan,ich,language,Africa,7.13773,10.3501
eton1254,Etongo,,dialect,Africa,,
eton1253,Eton-Mengisa,eto,language,Africa,4.21045,11.3935
eton1251,Etono I,,dialect,Africa,,
eton1252,Etono II,,dialect,Africa,,
etul1245,Etulo,utr,language,Africa,7.75865,9.44447
eund1238,Eunda Kolonkadhi,,dialect,Africa,,
eval1238,Evalue,,dialect,Africa,,
evan1238,Evant,bzz,language,Africa,6.34906,9.46432
evou1238,Evouzok,,dialect,Africa,,
ewan1234,Ewango,,dialect,Africa,,
ewee1241,Ewe,ewe,language,Africa,6.46061,0.814975
ewon1239,Ewondo,ewo,language,Africa,4.21141,11.93646
ewon1240,Ewondo Populaire,,language,Africa,,
extr1248,Extreme North Cameroon Sign Language,,language,Africa,10.597222,14.315833
ezaa1238,Ezaa,eza,dialect,Africa,,
ezha1238,Ezha,,dialect,Africa,,
faaa1239,Fa',,dialect,Africa,,
faal1238,Faale-Piyew,,dialect,Africa,,
fach1238,Fachi,,dialect,Africa,,
fada1249,Fada Ngurma,,dialect,Africa,,
fada1248,Fadashi,,dialect,Africa,10.84949,34.82031
fada1240,Fadawa,,dialect,Africa,,
fady1238,Fadyut-Palmerin,,dialect,Africa,,
fais1241,Faishang,,dialect,Africa,,
fala1246,Falasha,,dialect,Africa,,
fali1285,Fali,fli,language,Africa,10.5419,13.4087
fali1289,Fali of Jilvu,,dialect,Africa,,
fali1286,Fali of Mubi,,dialect,Africa,,
fali1287,Fali of Mucella,,dialect,Africa,,
fali1288,Fali of Vimtim,,dialect,Africa,,
fali1264,Fali-Tinguelin,,dialect,Africa,,
famm1241,Fam,fam,language,Africa,7.54277,10.505
fama1238,Fama-Teis-Kua,,dialect,Africa,,
fana1235,Fanagalo,fng,language,Africa,-25.384842,27.1400833333
fang1247,Fang,,dialect,Africa,,
fang1248,Fang (Cameroon),fak,language,Africa,6.54384,10.319
fang1246,Fang (Equatorial Guinea),fan,language,Africa,1.723965,11.61454
fani1244,Fania,fni,language,Africa,10.291,18.75
fani1245,Faniagara,,dialect,Africa,,
fanf1238,Fan-Ropp-Rim-Riyom-Heikpang,,dialect,Africa,,
fant1241,Fante,fat,dialect,Africa,,
fant1242,Fantera,,dialect,Africa,,
fara1237,Faranga,,dialect,Africa,,
fare1242,Fare,,dialect,Africa,,
fare1241,Farefare,gur,language,Africa,11.0918,-0.81109
farw1241,Far Western Kabyle,,dialect,Africa,,
farw1237,Far Western Minufiyya,,dialect,Africa,,
farw1240,Far West Senari,,dialect,Africa,,
fasa1234,Fasalo,,dialect,Africa,,
fayy1237,Fayyumic,,dialect,Africa,,
fede1238,Federe,,dialect,Africa,,
fefe1239,Fe'fe',fmp,language,Africa,5.18158,10.1442
ferr1242,Fer,,dialect,Africa,,
fere1246,Fere,,dialect,Africa,,
fero1244,Feroge,fer,language,Africa,8.61612,25.7171
fezm1238,Fez. Meknes,,dialect,Africa,,
fgan1238,Fganja,,dialect,Africa,,
fian1238,Fianse,,dialect,Africa,,
fika1238,Fika,,dialect,Africa,,
fika1239,Fika Bole,,dialect,Africa,,
fiky1238,Fikyu,,dialect,Africa,,
fili1243,Fililwa,,dialect,Africa,,
fina1241,Finanga,,dialect,Africa,,
fioo1234,Fio,,language,Africa,6.31256,10.2936
fipa1238,Fipa,fip,language,Africa,-7.88963,31.3442
fira1238,Firan,fir,language,Africa,9.65245,8.69095
firi1238,Firia,,dialect,Africa,,
fiya1238,Fiyadikka,,dialect,Africa,,
fjaa1238,Fjaalib,,dialect,Africa,,
fleo1238,Fleo,,dialect,Africa,,
foda1238,Fodonon,,dialect,Africa,,
foko1234,Fokoue,,dialect,Africa,,
fole1238,Folepi,,dialect,Africa,,
foma1238,Foma,fom,language,Africa,0.88032,24.3202
fomb1234,Fombap,,dialect,Africa,,
fonn1241,Fon,fon,language,Africa,7.15484,1.66495
fond1238,Fondebougou,,dialect,Africa,,
fond1239,Fondonera,,dialect,Africa,,
fong1242,Fong,,dialect,Africa,,
fong1246,Fongo-Ndeng,,dialect,Africa,,
fong1245,Fongo-Tongo,,dialect,Africa,,
font1234,Fontsa-Touala,,dialect,Africa,,
fony1238,Fonyi,,dialect,Africa,,
food1238,Foodo,fod,language,Africa,9.56489,1.40486
fool1238,Foolo,,dialect,Africa,,
fopo1238,Fopo-Bua,,dialect,Africa,,
fora1244,Fora,,dialect,Africa,,
fore1267,Foreke-Dschang,,dialect,Africa,,
fore1268,Forest Maninka,myq,language,Africa,9.49685,-7.53151
foss1234,Fossong-Wentcheng,,dialect,Africa,,
fote1235,Fotemena,,dialect,Africa,,
fote1234,Fotetsa,,dialect,Africa,,
foto1234,Foto,,dialect,Africa,,
four1238,Fourgoula,,dialect,Africa,,
fraf1238,Frafra,,dialect,Africa,,
fran1267,Francais Tirailleur,,language,Africa,,
fufu1238,Fufula,,dialect,Africa,,
fuga1235,Fuga of Jimma,,dialect,Africa,,
fula1268,Fulacunda,,dialect,Africa,,
fula1270,Fulanke,,dialect,Africa,,
fula1267,Fula Peta,,dialect,Africa,,
fuli1240,Fuliiru,flr,language,Africa,-3.04022,28.9865
fumm1238,Fum,fum,language,Africa,6.66524,11.1087
fund1238,Fundi,,dialect,Africa,,
fung1247,Fungom,,dialect,Africa,,
fung1245,Fungwa,ula,language,Africa,10.5021,6.59138
fung1246,Fungwe,,dialect,Africa,,
furr1244,Fur,fvr,language,Africa,12.0455,23.6401
furs1241,Fursum,,dialect,Africa,,
furu1242,Furu,fuu,language,Africa,4.485,20.6448
furu1238,Furupagha,,dialect,Africa,,
fuum1238,Fuumu,,dialect,Africa,,
fwee1238,Fwe,fwe,language,Africa,-17.72372,24.43151
fyam1238,Fyam,pym,language,Africa,9.59006,9.22293
fyer1241,Fyer,fie,language,Africa,9.49936,9.29503
gaaa1244,Ga,gaa,language,Africa,5.65488,-0.18598
gaaa1245,Gaa,ttb,language,Africa,8.4809,11.9603
gaak1238,G||aakhwe,,dialect,Africa,,
gaam1241,Gaam,tbi,language,Africa,11.4674,33.9797
gaan1243,Ga'anda,gqa,language,Africa,10.2955,12.6479
gaan1244,Gaan Dan,,dialect,Africa,,
gabi1247,Gabin,,dialect,Africa,,
gabl1238,Gablai,,dialect,Africa,,
gabo1234,Gabogbo,gie,language,Africa,5.964761,-5.841819
gabr1255,Gabra,,dialect,Africa,,
gabr1253,Gabri,gab,language,Africa,9.33955,16.623
gabr1254,Gabri-North,,dialect,Africa,,
gabu1246,Gabu,,dialect,Africa,,
gabu1247,Gabula,,dialect,Africa,,
gada1263,Gadam-Bara,,dialect,Africa,,
gada1262,Gadang,gdk,language,Africa,10.425,16.997
gade1242,Gade,ged,language,Africa,8.71139,7.49869
gadj1244,Gadjira,,dialect,Africa,,
gady1242,Gadyaga,,dialect,Africa,,
gafa1240,Gafat,gft,language,Africa,10.11067,38.18108
gagn1235,Gagnoa Bété,btg,language,Africa,6.10051,-5.9701
gaik1241,Gaika,,dialect,Africa,,
gail1235,Gail,gic,language,Africa,-28.77,26.895
gala1263,Gala,,dialect,Africa,,
gala1253,Galaba,,dialect,Africa,,
gala1264,Galambu,glo,language,Africa,10.1258,10.2542
gala1254,Galamjina,,dialect,Africa,,
gala1266,Galamkya,,dialect,Africa,,
gali1268,Galila (Lake Wonchi),,dialect,Africa,,
galw1238,Galwa,,dialect,Africa,,
gama1259,Gama Dan,,dialect,Africa,,
gama1258,Gamargu,,dialect,Africa,,
gamb1253,Gambai,,dialect,Africa,,
gamb1262,Gambar Bijim,,dialect,Africa,,
gamb1260,Gambar Zaar,,dialect,Africa,,
gamb1261,Gambian Krio,,dialect,Africa,,
gamb1259,Gambian Sign Language,,language,Africa,13.453444,-16.580639
gamb1252,Gambian Wolof,wof,language,Africa,13.5337,-16.1544
gamb1258,Gamboura,,dialect,Africa,,
gamd1238,Gamdugun,,dialect,Africa,,
gami1244,Gamila,,dialect,Africa,,
gami1251,Gamiya,,dialect,Africa,,
gamo1243,Gamo,gmv,language,Africa,6.27645,37.23808
gamo1244,Gamo-Gofa-Dawro,gmo,language,Africa,6.57645,37.1381
gamo1242,Gamo (Nigeria),,dialect,Africa,,
gamo1241,Gamo-Ningi,bte,language,Africa,10.9346,9.24843
gams1239,Gamsawa,,dialect,Africa,,
gana1274,//Gana,gnk,language,Africa,-21.8555,22.2003
gana1276,Ganádi,,dialect,Africa,,
gana1273,Ganadugu,,dialect,Africa,,
gana1275,G||anakhwe,,dialect,Africa,,
gana1270,Ganang,gne,language,Africa,9.93195,9.09741
gana1271,Gana (Nigeria),,dialect,Africa,,
gana1272,Gananwa,,dialect,Africa,,
gand1255,Ganda,lug,language,Africa,0.66884,32.15153
gand1256,Ganda-Kiaka,,dialect,Africa,,
gand1257,Gandua,,dialect,Africa,,
gane1238,!Gã!ne,,language,Africa,-31.32,28.75
ganj1241,Ganjule,,dialect,Africa,,
gant1243,Ganta,,dialect,Africa,,
ganz1246,Ganza,gza,language,Africa,10.2991,35.1373
ganz1247,Ganzi,gnz,language,Africa,6.544,19.347
garr1238,Gar,,dialect,Africa,,
gara1263,Garap,,dialect,Africa,,
gara1267,Garawgino,,dialect,Africa,,
garb1238,Garbabi,,dialect,Africa,,
gard1242,Gar Duguri,,dialect,Africa,,
garo1248,Garoua,,dialect,Africa,,
garo1255,Garoua (Bata),,dialect,Africa,,
garr1259,Garre,gex,language,Africa,2.29633,44.6862
gars1234,Gar Shilluk,,dialect,Africa,,
garw1238,Garwe,,dialect,Africa,,
gasi1239,Gasi,,dialect,Africa,,
gass1238,Gassan,,dialect,Africa,,
gatu1238,Gatue,,dialect,Africa,,
gava1240,Gava,,dialect,Africa,,
gava1241,Gavar,gou,language,Africa,10.5603,13.8188
gawi1244,Gawi,,dialect,Africa,,
gaya1252,Gaya,,dialect,Africa,,
gaya1250,Gaya (East Chadic),,dialect,Africa,,
gaya1240,Gayam,,dialect,Africa,,
gaya1251,Gayar,,dialect,Africa,,
gaye1238,Gayegi,,dialect,Africa,,
gayi1237,Gayil,gyl,language,Africa,6.15034,36.67211
gaym1238,Gaymona,,dialect,Africa,,
gbab1238,Gbabana,,dialect,Africa,,
gbad1242,Gbadi,,dialect,Africa,,
gbad1235,Gbado,,dialect,Africa,,
gbae1238,Gbaeson,,dialect,Africa,,
gbag1254,Gbaga-Nord,,dialect,Africa,,
gbag1255,Gbaga-South,,dialect,Africa,,
gbag1253,Gbagiri,,dialect,Africa,,
gbag1258,Gbagyi,gbr,language,Africa,9.29842,6.90495
gbag1257,Gbagyi Nkwa,,dialect,Africa,,
gbai1234,Gbaidim,,dialect,Africa,,
gbam1238,Gbambiya,,dialect,Africa,,
gagu1242,Gban,ggu,language,Africa,6.40859,-5.51851
bang1340,Gbangrim,,dialect,Africa,,
gban1262,Gbanmi-Sokun Kakanda,,dialect,Africa,,
gban1261,Gbantu,,dialect,Africa,,
gban1260,Gbanu,gbv,language,Africa,5.28183,17.3887
gban1258,Gbanziri-Boraka,gbg,language,Africa,4.68467,20.2609
gbap1234,Gbapen,,dialect,Africa,,
gbar1235,Gbarain,,dialect,Africa,,
gbar1247,Gbarbo,,dialect,Africa,,
gbar1246,Gbari,gby,language,Africa,8.46411,7.10757
gbas1238,Gba Sor,,dialect,Africa,,
gbat1238,Gbati-ri,gti,language,Africa,2.98585,28.7911
gbay1287,Gbaya-Bossangoa,gbp,language,Africa,6.61896,17.645
gbay1286,Gbaya-Bozoum,gbq,language,Africa,5.9879,16.4643
gbay1283,Gbaya Kara,,dialect,Africa,,
gbay1281,Gbaya-Mbodomo,gmm,language,Africa,4.800365,14.606865
gbay1285,Gbaya of Boda,,dialect,Africa,,
gbay1278,Gbayi,gyg,language,Africa,5.57378,21.9707
gbed1241,Gbedde,,dialect,Africa,,
gbek1244,Gbekon,,dialect,Africa,,
gben1241,Gbende,,dialect,Africa,,
gben1242,Gbendembu,,dialect,Africa,,
gbep1238,Gbepo,,dialect,Africa,,
gbes1239,Gbesi,,dialect,Africa,,
gbes1238,Gbesi Gbe,gbs,language,Africa,6.55911,2.0269
gbet1241,Gbete,,dialect,Africa,,
gbey1245,Gbeyãse,,dialect,Africa,,
gbii1241,Gbi,,dialect,Africa,,
gbii1242,Gbii,ggb,language,Africa,5.87021,-8.9346
gbin1239,Gbin,xgb,language,Africa,8.020857,-2.811213
gbin1238,Gbin (Ewe),,dialect,Africa,,
gbir1242,Gbiri,,dialect,Africa,,
gbir1241,Gbiri-Niragu,grh,language,Africa,10.3923,8.43157
gble1234,Gblee Dan,,dialect,Africa,,
gboo1244,Gbo,,dialect,Africa,,
gbog1238,Gbogorose,,dialect,Africa,,
gbok1238,Gbokpa,,dialect,Africa,,
gbol1235,Gboloo Grebo,gec,language,Africa,4.75405,-7.66699
gbom1234,Gbomic,,dialect,Africa,,
gboo1246,Gboo,,dialect,Africa,,
gbor1241,Gbor,,dialect,Africa,,
gbor1242,Gborbo,,dialect,Africa,,
gbow1238,Gbowe-Hran,,dialect,Africa,,
gboo1245,Gbo (Western Krahn),,dialect,Africa,,
gbug1238,Gbugbla,,dialect,Africa,,
gbug1239,Gbugyar,,dialect,Africa,,
bund1255,Gbunde,,dialect,Africa,,
geal1238,Gcaleka,,dialect,Africa,,
gcir1234,Gciriku,,dialect,Africa,,
gede1241,Gedegede,,dialect,Africa,,
gede1246,Gedeo,drs,language,Africa,6.18469,38.2395
gede1242,Gederobo,,dialect,Africa,,
geez1241,Geez,gez,language,Africa,10.1342,40.6821
geji1247,Geji,,dialect,Africa,,
gela1262,Gelama,,dialect,Africa,,
fong1243,Gélé (Dar Fongoro),fgr,dialect,Africa,11.3179,22.5611
geme1244,Geme,geq,language,Africa,8.48359,20.6611
geme1245,Geme Kulagbolu,,dialect,Africa,,
geme1246,Geme Tulu,,dialect,Africa,,
gemm1234,Gemme of Gimuru-Dehnime,,dialect,Africa,,
gemz1238,Gemzek,,dialect,Africa,,
genn1243,Gen,gej,language,Africa,6.25971,1.67727
gend1251,Genda3,,dialect,Africa,,
geng1244,Gengele,,dialect,Africa,,
geng1243,Gengle,geg,language,Africa,8.8956,11.9527
kuga1239,Gengle-Kugama,kow,language,Africa,8.91972,12.12947
gera1246,Gera,gew,language,Africa,10.4331,10.12
gere1238,Gerep,,dialect,Africa,,
gerg1238,Gergere,,dialect,Africa,,
geru1240,Geruma,gea,language,Africa,10.4775,9.78484
nucl1354,Geunem,,dialect,Africa,,
geya1234,Gey,guv,language,Africa,9.37513,13.5809
ghad1239,Ghadames,gha,language,Africa,30.1168,10.0165
ghan1244,Ghanaian Pidgin English,gpe,language,Africa,5.793241,-0.283641
ghan1235,Ghanaian Sign Language,gse,language,Africa,5.55225,-0.30274
ghar1240,Ghardaia Sign Language,ajs,language,Africa,32.483333,3.666667
ghat1242,Ghat,,dialect,Africa,,
ghol1238,Ghol,,dialect,Africa,,
ghom1247,Ghomálá',bbj,language,Africa,5.39619,10.352
ghom1250,Ghomálá Central,,dialect,Africa,,
ghom1248,Ghomálá North,,dialect,Africa,,
ghom1249,Ghomálá South,,dialect,Africa,,
ghom1257,Ghomara,gho,language,Africa,34.7979,-4.6696
ghot1243,Ghotuo,aaa,language,Africa,7.11551,5.95663
ghud1238,Ghudavan,,dialect,Africa,,
giba1240,Gibanawa,gib,language,Africa,12.584,8.615
gich1238,Gichugu,,dialect,Africa,,
gida1248,Gidang'oodiga of Simhha,,dialect,Africa,,
gida1247,Gidar,gid,language,Africa,9.874715,14.07845
giiw1236,Giiwo,kks,language,Africa,10.35754,10.46037
giko1238,Gikolodjya,,dialect,Africa,,
giky1238,Gikyode,acd,language,Africa,8.39478,0.56975
gilb1242,Gilbagala,,dialect,Africa,,
gilb1243,Gil Bagale,,dialect,Africa,,
gile1238,Gilempla,,dialect,Africa,,
gili1246,Gili,,dialect,Africa,,
gili1241,Gilima,gix,language,Africa,4.5585,19.0091
guil1240,Giliya,,dialect,Africa,,
gimb1238,Gimba,,dialect,Africa,,
gimm1241,Gimme,kmp,language,Africa,8.58084,12.6658
gimn1238,Gimnime,gmn,language,Africa,8.58129,12.7869
guim1240,Gimri Kan,,dialect,Africa,,
gims1238,Gimsbok Nama,,dialect,Africa,,
gina1240,Gina–Assuan,,dialect,Africa,,
gina1239,Ginaourou,,dialect,Africa,,
gind1234,Gindoo,,dialect,Africa,,
ging1241,Gingwak,jgk,dialect,Africa,,
giny1242,Ginyamunyinganyi,,dialect,Africa,,
giny1241,Ginyanga,ayg,language,Africa,8.2327,0.98348
gira1246,Girango,,dialect,Africa,,
girg1242,Girga,,dialect,Africa,,
girg1241,Girga (Assangori),,dialect,Africa,,
giri1245,Girirra,gii,language,Africa,5.76,42.17
girw1238,Girwana,,dialect,Africa,,
giry1241,Giryama,nyf,language,Africa,-3.30638,39.6648
gisa1238,Gisamjanga,,dialect,Africa,,
gise1241,Giseda,,dialect,Africa,,
gise1242,Gisème,,dialect,Africa,,
gito1238,Gitonga,toh,language,Africa,-23.7964,35.1577
gito1239,Gitonga Gy Khogani,,dialect,Africa,,
giza1238,Gizay,,dialect,Africa,,
gize1234,Gizey,,language,Africa,10.023278,15.269103
glar1242,Glaro,,dialect,Africa,,
glar1241,Glaro-Twabo,glr,language,Africa,5.23264,-7.50317
glav1244,Glavda,glw,language,Africa,11.1334,13.8652
glaw1238,Glawlo,,dialect,Africa,,
gleb1238,Glebo,,dialect,Africa,,
glib1238,Glibe,,dialect,Africa,,
glij1238,Gliji,,dialect,Africa,,
glio1241,Glio-Oubi,oub,language,Africa,5.39966,-7.50585
glob1238,Globo,,dialect,Africa,,
gnoo1238,Gnoore,,dialect,Africa,,
dzuo1238,Gobabis-Tsumkwe Juǀ’hoan,,dialect,Africa,,
goba1245,Gobato,,dialect,Africa,,
gobe1239,Gobeze,,dialect,Africa,,
gobi1238,Gobirawa,,dialect,Africa,,
gobu1238,Gobu,gox,language,Africa,5.01201,20.0194
godi1239,Godié,god,language,Africa,5.3944,-5.82696
goem1240,Goemai,ank,language,Africa,8.74455,9.72453
gofa1235,Gofa,gof,language,Africa,6.57645,37.05
gogo1263,Gogo,gog,language,Africa,-6.35951,35.4807
gojj1234,Gojjam Amharic,,dialect,Africa,,
gokk1238,Gok,,dialect,Africa,,
goka1239,Gokana,gkn,language,Africa,4.61889,7.34457
goll1238,Gol,,dialect,Africa,,
gola1255,Gola,gol,language,Africa,7.06193,-10.8138
gola1256,Gôla (Nigeria),,dialect,Africa,,
goll1242,Gollango,,dialect,Africa,,
golo1234,Golo,,language,Africa,7.75,26.85
gomb1248,Gombe,,dialect,Africa,,
gomb1249,Gombe (Sena),,dialect,Africa,,
gomb1250,Gombo,,dialect,Africa,,
gomb1251,Gomboro,,dialect,Africa,,
gond1266,Gondar Amharic,,dialect,Africa,,
gong1240,Gonge,,dialect,Africa,,
gong1252,Gongla,,dialect,Africa,,
gong1254,Gongon Lobi,,dialect,Africa,,
gonj1241,Gonja,gjn,language,Africa,8.48801,-0.72757
gono1238,Gono,,dialect,Africa,,
gooa1234,Goo,gov,language,Africa,7.580998,-7.562563
goom1239,Goom,,dialect,Africa,,
gorr1238,Gor,gqr,language,Africa,8.0841,17.0713
gorb1238,Gorbo,,dialect,Africa,,
gori1239,Gori,,dialect,Africa,,
orlo1238,Goro-Golo,,dialect,Africa,,
goro1256,Gorongosa,,dialect,Africa,,
goro1271,Gorose,,dialect,Africa,,
goro1270,Gorowa,gow,language,Africa,-4.23575,35.7996
goua1238,Gouande,,dialect,Africa,,
goui1239,Gouindougouba,,dialect,Africa,,
goul1238,Goula,,dialect,Africa,,
goul1242,Goulfey,,dialect,Africa,,
goun1238,Goundo,goy,language,Africa,9.46683,16.255
gour1247,Gourara,,dialect,Africa,,
gour1243,Gourmanchéma,gux,language,Africa,11.6711,1.28489
gour1242,Gourmantche,,dialect,Africa,,
gova1253,Gova,,dialect,Africa,,
gove1240,Govera,,dialect,Africa,,
govo1238,Govoro,,dialect,Africa,,
nucl1449,Goy,,dialect,Africa,,
kxau1241,Groot Laagte =/Kx'au//'ein,aue,dialect,Africa,-21.0554,21.1793
guaa1238,Gua,gwx,language,Africa,6.52106,0.16932
guan1277,Guanche,gnc,language,Africa,28.0,-15.5
guba1245,Guba,,dialect,Africa,,
guba1248,Gubaare,,dialect,Africa,,
guba1244,Guba (Ethiopia),,dialect,Africa,,
gube1234,Gubeeher-Gufangor-Gubelor,,language,Africa,12.526764,-16.352752
gubi1238,Gubi,,dialect,Africa,,
gude1246,Gude,gde,language,Africa,10.2138,13.403
gude1239,Gudeni,,dialect,Africa,,
gudi1238,Gudi,,dialect,Africa,,
gudu1250,Gudu,gdu,language,Africa,10.1206,12.5359
gudu1252,Guduf-Gava,gdf,language,Africa,11.1057,13.7893
gudu1251,Gudur,,dialect,Africa,,
guel1234,Guelaya,,dialect,Africa,,
gugi1238,Gugiko,,dialect,Africa,,
guib1247,Guiberoua,,dialect,Africa,,
guib1246,Guiberoua Béte,bet,language,Africa,6.13837,-6.51291
guin1260,Guinea-Bissau Sign Language,lgs,language,Africa,11.859297,-15.591553
guin1254,Guinea Kpelle,gkp,language,Africa,7.93196,-8.98843
guin1261,Guinean Gizima,,dialect,Africa,,
guin1250,Guinean Sign Language,gus,language,Africa,9.553,-13.674
guja1254,Gujaaxet,,dialect,Africa,,
guji1239,Guji,,dialect,Africa,,
gula1266,Gula (Central African Republic),kcm,language,Africa,9.49092,23.3805
gula1269,Gula (Chad),glu,language,Africa,10.3049,19.2182
gula1265,Gula Iro,glj,language,Africa,10.267,19.5359
gula1275,Gulak,,dialect,Africa,,
gula1268,Gulay,gvl,language,Africa,9.06629,17.3151
gule1241,Gule,gly,language,Africa,11.8336,33.6929
guma1259,Gumay,,dialect,Africa,,
gume1239,Gumer,,dialect,Africa,,
gunn1250,Gun,guw,language,Africa,6.48529,2.76767
gund1247,Gundi,gdi,language,Africa,3.68861,17.30096
gung1250,Gungu,rub,language,Africa,2.06754,31.4819
guny1242,Gunyamoolo,,dialect,Africa,,
gupa1248,Gupa,gpa,language,Africa,8.21291,6.69128
gura1253,Gura,,dialect,Africa,,
gura1260,Gura (Semitic),,dialect,Africa,,
gurm1246,Gurmana,gvm,language,Africa,10.1487,6.79456
guro1248,Guro,goa,language,Africa,7.34954,-6.31154
guru1264,Guru,,dialect,Africa,,
guru1263,Guruka,,dialect,Africa,,
guru1265,Guru (Mali),,dialect,Africa,,
guru1262,Gurune,,dialect,Africa,,
guru1271,Guruntum-Mbaaru,grd,language,Africa,9.87332,10.162
guse1238,Guse,,dialect,Africa,,
gusi1247,Gusii,guz,language,Africa,-0.78872,34.76751
gusi1246,Gusilay,gsl,language,Africa,12.7761,-16.5026
gusu1242,Gusu,,dialect,Africa,,
gusu1241,Gusubou,,dialect,Africa,,
guta1238,Guta,,dialect,Africa,,
guvh1238,Guvhu,,dialect,Africa,,
gvok1239,Gvoko,ngs,language,Africa,10.9918,13.7537
gwaa1239,Gwa,gwb,dialect,Africa,10.3069,9.11434
gwaa1240,Gwaan Dan,,dialect,Africa,,
kwam1249,Gwama,kmq,language,Africa,9.50836,34.2457
gwam1246,Gwamba,,dialect,Africa,,
gwam1245,Gwamhi,,dialect,Africa,,
gwam1244,Gwamhi-Wuri,bga,language,Africa,11.8081,5.07897
gwan1242,Gwana,,dialect,Africa,,
gwan1268,Gwandara,gwn,language,Africa,9.20464,7.49931
gwan1271,Gwandara Eastern,,dialect,Africa,,
gwan1272,Gwandara Gitata,,dialect,Africa,,
gwan1270,Gwandara Karashi,,dialect,Africa,,
gwan1273,Gwandara Koro,,dialect,Africa,,
gwan1269,Gwandara Southern,,dialect,Africa,,
gwan1267,Gwanje,,dialect,Africa,,
gwan1243,Gwano,,dialect,Africa,,
gwar1240,Gwara,,language,Africa,9.49,7.88
gwar1244,Gwara (Marghi),,dialect,Africa,,
gwee1241,Gwe,,dialect,Africa,,
gwee1242,Gweetaawu,,dialect,Africa,,
gwen1239,Gweno,gwe,language,Africa,-3.68407,37.6827
gweo1238,Gwéò,,dialect,Africa,,
gwer1238,Gwere,gwr,language,Africa,1.11392,33.8227
gwii1239,/Gwi,gwj,language,Africa,-22.2708,21.9431
gwor1239,Gworam,,dialect,Africa,,
gwoz1239,Gwoza,,dialect,Africa,,
nucl1692,Gyaazi,gyz,language,Africa,10.34776,9.64965
gyak1238,Gyakan,,dialect,Africa,,
gyam1234,Gyam,,dialect,Africa,,
gyel1242,Gyele,gyi,language,Africa,2.47457,10.2493
gyel1241,Gyel-Kuru-Vwang,,dialect,Africa,,
gyem1238,Gyem,gye,language,Africa,10.4109,9.23923
gyet1241,Gyeta,,dialect,Africa,,
gyog1238,Gyogo,,dialect,Africa,,
gysi1234,Gysiqua,,dialect,Africa,,
gaba1234,Gǁabak’e,,dialect,Africa,,
nucl1373,Gәna,,dialect,Africa,,
haaa1252,Ha,haq,language,Africa,-3.77873,30.4894
qabe1238,/=Haba,,dialect,Africa,,
haba1239,Habab Tigre,,dialect,Africa,,
hach1240,Hacha,,dialect,Africa,,
hada1239,Hadareb,,dialect,Africa,,
hade1247,Hadejiya,,dialect,Africa,,
hade1248,Hadendoa,,dialect,Africa,,
hadi1240,Hadiyya,hdy,language,Africa,7.57377,37.7577
hady1238,Hadyo,,dialect,Africa,,
hadz1240,Hadza,hts,language,Africa,-3.83115,35.0458
haii1241,Hai,,dialect,Africa,,
hain1253,Hainyaxo Bozo,bzx,language,Africa,13.8734,-5.65085
haio1238,Hai//om-Akhoe,hgm,language,Africa,-19.7637,17.0299
haii1242,Hai (Tanzania),,dialect,Africa,,
hain1254,Hai||um,,dialect,Africa,,
hama1241,Ham,,language,Africa,9.951721,15.590037
hamb1245,Hamba de Lomela,hba,language,Africa,-2.49047,24.2299
hamb1246,Hamba (Haya),,dialect,Africa,,
hamb1239,Hamba NW of Nachingwea south of Mbemkuru River,,language,Africa,,
hame1242,Hamer-Banna,amf,language,Africa,5.06515,36.5176
hand1239,Handa,,dialect,Africa,,
hand1240,Handa (Nkhumbi),,dialect,Africa,,
hang1258,Hanga,hag,language,Africa,9.33929,-1.57833
hang1261,Hanga (Democratic Republic of Congo),,dialect,Africa,,
ghaa1238,Hangala,,dialect,Africa,,
hang1260,Hangaza,han,language,Africa,-2.52347,30.7074
hang1259,Hangiro,,dialect,Africa,,
hara1271,Harari,har,language,Africa,9.30485,42.1332
hara1259,Harava,,dialect,Africa,,
hara1258,Haraza,,language,Africa,15.083,30.417
hars1238,Harso,,dialect,Africa,,
hasa1247,Hasab,,dialect,Africa,,
hasa1248,Hasala,,dialect,Africa,,
hash1238,Hasha,ybj,language,Africa,9.14063,8.66137
hass1238,Hassaniyya,mey,language,Africa,18.29,-14.11
haub1238,Haubi,,dialect,Africa,,
haur1242,Haura,,dialect,Africa,,
haus1257,Hausa,hau,language,Africa,11.1513,8.7804
haus1246,Hausa Sign Language,hsl,language,Africa,8.486,7.168
nige1253,Hausa States Fulfulde,fuv,language,Africa,10.9972,11.1188
haut1247,Haut-Atlas,,dialect,Africa,,
havu1238,Havu,hav,language,Africa,-1.99975,28.8624
haya1250,Haya,hay,language,Africa,-1.70878,31.4846
hdii1240,Hdi,xed,language,Africa,10.942,13.6881
hedk1239,Hedkala,,dialect,Africa,,
hehe1240,Hehe,heh,language,Africa,-7.71572,35.7255
hele1239,Hele,,dialect,Africa,,
hema1238,Hema,nix,language,Africa,1.04953,30.0872
hemb1242,Hemba-Yazi,hem,language,Africa,-7.77459,27.5913
hemb1243,Hembeh,,dialect,Africa,,
herd1236,Herde,hed,language,Africa,9.14343,14.9267
here1251,Here,,dialect,Africa,,
here1253,Herero,her,language,Africa,-21.0231,20.5655
hewe1238,Hewe,,dialect,Africa,,
high1291,Highland Gwama,,dialect,Africa,,
higi1240,Higir,,dialect,Africa,,
hiju1238,Hijuk,hij,language,Africa,4.39641,10.9081
hill1255,Hill Angas,,dialect,Africa,,
hima1248,Hima,,dialect,Africa,,
hing1234,Hinga,,dialect,Africa,,
hlav1238,Hlave,,dialect,Africa,,
hlen1238,Hlengwe,,dialect,Africa,,
hlub1242,Hlubi,,dialect,Africa,,
hogg1238,Hoggar,,dialect,Africa,,
hooo1250,Ho (Ghana),,dialect,Africa,,
holm1250,Holma,hod,language,Africa,9.96843,13.19949
holo1240,Holoholo,hoo,language,Africa,-5.37545,28.3274
holu1245,Holu,hol,language,Africa,-8.14754,17.572
homa1239,Homa,hom,language,Africa,4.97912,28.0039
homb1238,Hombo,,dialect,Africa,,
homb1239,Hombori,,dialect,Africa,,
home1245,Home,,dialect,Africa,,
hone1235,Hõne,juh,language,Africa,9.79715,10.9206
honp1238,Honpo,,dialect,Africa,,
hood1240,Hoode,,dialect,Africa,,
horo1247,Horo,hor,language,Africa,9.239,18.378
horo1245,Horom,hoe,language,Africa,9.05742,8.98482
horo1246,Hororo,,dialect,Africa,,
hosa1234,Hosaena Ethiopian Sign Language,,dialect,Africa,,
hott1234,Hottentot Dutch,,language,Africa,,
houl1238,Houlouf,,dialect,Africa,,
hozo1236,Hozo,hoz,language,Africa,9.38875,34.60448
huba1236,Huba,hbb,language,Africa,10.3544,13.139
hulu1244,Huluf,,dialect,Africa,,
humb1241,Humbe,,dialect,Africa,,
humb1242,Humbu,,dialect,Africa,,
humb1243,Humburi Senni Songhay,hmb,language,Africa,15.2948,-1.69301
hund1239,Hunde,hke,language,Africa,-1.46762,28.9308
hung1278,Hungan,hum,language,Africa,-3.69695,18.4312
hung1286,Hungan Kipuka,,dialect,Africa,,
hung1283,Hungan Kwango,,dialect,Africa,,
hung1284,Hungan Kwenge,,dialect,Africa,,
hung1285,Hungan Vanga,,dialect,Africa,,
hung1282,Hungu,,dialect,Africa,,
hung1280,Hungu-Pombo,hng,language,Africa,-9.164628,18.192062
hung1277,Hungwe,,dialect,Africa,,
hung1276,Hungworo,nat,language,Africa,10.3243,6.3024
huns1239,Hun-Saare,dud,language,Africa,10.7898,5.07312
huru1238,Hurutshe,,dialect,Africa,,
hurz1243,Hurzo,,dialect,Africa,,
hutu1238,Hutu,,dialect,Africa,,
hwal1242,Hwalem,,dialect,Africa,,
hwan1240,Hwana,hwo,language,Africa,10.3633,12.7683
hwee1238,Hwe,,dialect,Africa,,
hwel1241,Hwela,,dialect,Africa,,
hwen1238,Hwen Gba Kon,,dialect,Africa,,
hwes1238,Hwesa,,dialect,Africa,,
hwin1238,Hwindja,,dialect,Africa,,
hyaa1239,Hya,hya,language,Africa,10.4814,13.526
hyam1245,Hyam,jab,language,Africa,9.57832,7.95163
hyam1247,Hyam Taa Ham,,dialect,Africa,,
hyil1238,Hyil Hawul,,dialect,Africa,,
iamb1238,Iambi,,dialect,Africa,,
ibaa1240,Ibaa,,dialect,Africa,,
ibaj1238,Ibaji,,dialect,Africa,,
bali1275,Ibali Teke,,dialect,Africa,,
iban1262,Ibanda,,dialect,Africa,,
iban1261,Ibani,iby,language,Africa,4.49119,7.23558
ibar1241,Ibaram,,dialect,Africa,,
ibet1238,Ibeto,,dialect,Africa,,
ibib1240,Ibibio,ibb,language,Africa,5.15279,7.86688
ibie1238,Ibiede,,dialect,Africa,,
ibil1238,Ibilo,ibi,language,Africa,7.42662,6.08384
ibin1241,Ibino,ibn,language,Africa,4.59603,8.15254
ibis1234,Ibi So,,dialect,Africa,,
ibok1234,Ibokun Sign Language,,language,Africa,7.78559,4.72799
ibot1241,Ibot Obolo,,dialect,Africa,,
ibuo1242,Ibuoro,ibr,language,Africa,5.49672,7.93108
icev1238,Iceve-Maci,bec,language,Africa,6.42426,9.50264
iche1238,Icheve,,dialect,Africa,,
icon1234,Icongo,,dialect,Africa,,
idah1238,Idah,,dialect,Africa,,
idak1244,Idakho,,dialect,Africa,,
idak1243,Idakho-Isukha-Tiriki,ida,language,Africa,0.21557,34.817
ider1238,Idere,ide,language,Africa,5.21188,8.0831
ides1238,Idesa,ids,language,Africa,7.34629,6.2929
idom1241,Idoma,idu,language,Africa,7.19139,7.71261
idom1261,Idoma Central,,dialect,Africa,,
idom1259,Idoma South,,dialect,Africa,,
idom1260,Idoma West,,dialect,Africa,,
idon1238,Idon,idc,language,Africa,10.2175,7.78151
idum1242,Idum,,dialect,Africa,,
iduw1238,Iduwini,,dialect,Africa,,
ifee1241,Ifè,ife,language,Africa,7.63568,1.58494
ifee1242,Ife (Nigeria),,dialect,Africa,,
ifun1238,Ifuna,,dialect,Africa,,
igal1242,Igala,igl,language,Africa,7.34325,7.17974
igar1238,Igara,,dialect,Africa,,
igas1238,Igasi,,dialect,Africa,,
nucl1417,Igbo,ibo,language,Africa,4.62705,7.23441
igbo1255,Igbomina,,dialect,Africa,,
igbo1257,Igbo-Ola-Oke,,dialect,Africa,,
igbo1256,Igbo-Ola-Sale,,dialect,Africa,,
igbu1241,Igbuduya,,dialect,Africa,,
igbu1242,Igburu-Usomini,,dialect,Africa,,
iged1239,Igede,ige,language,Africa,6.95522,8.27362
igem1238,Igembe,,dialect,Africa,,
igik1238,Igikiga,,dialect,Africa,,
igoo1238,Igo,ahl,language,Africa,7.25499,0.67846
igoj1238,Igoji,,dialect,Africa,,
igua1238,Iguambo,,dialect,Africa,,
igue1238,Igueben,,dialect,Africa,,
igut1238,Iguta,nar,language,Africa,9.98505,8.81708
igwe1238,Igwe,igw,language,Africa,7.10878,6.08157
igwu1238,Igwuruta,,dialect,Africa,,
igya1238,Igyang,,dialect,Africa,,
igze1238,Igzennaian,,dialect,Africa,,
ihan1234,Ihanja,,dialect,Africa,-9.10589,34.6563
ihie1238,Ihievbe,ihi,language,Africa,7.00917,6.08581
ijaz1238,Ija-Zuba,vki,language,Africa,8.97183,6.9861
ijeb1238,Ijebu,,dialect,Africa,,
ijes1238,Ijesha,,dialect,Africa,,
ijie1238,Ijiegu,,dialect,Africa,,
ikkk1242,Ik,ikx,language,Africa,3.61407,34.2507
ikaa1238,Ika,ikk,language,Africa,6.36423,6.31058
ikal1242,Ikalanga,,dialect,Africa,,
ikal1241,Ikale,,dialect,Africa,,
ikar1241,Ikaran-Ele,,dialect,Africa,,
ikar1242,Ikaran-Oke,,dialect,Africa,,
ikel1238,Ikeleve,,dialect,Africa,,
ikhi1234,Ikhin-Arokho,ikh,language,Africa,7.146202,5.936957
ikib1238,Ikibiri,,dialect,Africa,,
ikiz1238,Ikizu,ikz,language,Africa,-1.9915,34.3589
ikoo1245,Iko,iki,language,Africa,4.56197,7.9866
ikoc1234,Ikoci,,dialect,Africa,,
ikom1244,Ikom,,dialect,Africa,,
ikom1246,Ikoma,,dialect,Africa,,
ikom1245,Ikoma-Nata,ntk,language,Africa,-1.94989,34.5361
ikor1238,Ikorom,,dialect,Africa,7.06,5.09
ikot1238,Ikot Ekpene,,dialect,Africa,,
logb1245,Ikpana,lgq,language,Africa,6.92838,0.43068
ikpe1244,Ikpesa,,dialect,Africa,,
ikpe1243,Ikpeshi,ikp,language,Africa,7.04475,6.17647
ikpo1239,Ikponu,,dialect,Africa,,
ikpo1238,Ikposo,kpo,language,Africa,7.44776,0.83312
ikug1238,Iku-Gora-Ankwa,ikv,language,Africa,10.27852,7.84105
ikul1238,Ikulu,ikl,language,Africa,10.1339,7.86684
ikum1241,Ikumbure,okc,dialect,Africa,,
ikum1242,Ikumtale,,dialect,Africa,,
ikun1240,Ikun,,dialect,Africa,,
ikun1241,Ikuna,,dialect,Africa,-9.13708,34.9083
ikwe1242,Ikwere,ikw,language,Africa,5.04333,6.86651
ikwe1241,Ikweri,,dialect,Africa,,
ikwo1238,Ikwo,iqw,dialect,Africa,,
ilaa1246,Ila,ilb,language,Africa,-15.60807,26.45548
ilaf1238,Ilafuri,,dialect,Africa,,
ilaj1238,Ilaje,,dialect,Africa,,
ilaa1245,Ila (Yoruba),,dialect,Africa,,
ilik1238,Iliku,,dialect,Africa,,
ilit1242,Ilit,,dialect,Africa,,
illo1238,Illo,,dialect,Africa,,
ilod1238,Ilodji,,dialect,Africa,,
iloo1238,Iloodokilani,,dialect,Africa,,
ilue1241,Ilue,ilv,language,Africa,4.78618,8.25236
ilwa1237,Ilwana,mlk,language,Africa,-0.66322,39.793
imba1239,Imbana,,dialect,Africa,,
imen1238,Imenti,,dialect,Africa,,
imer1236,Imeraguen,ime,language,Africa,18.37331,-16.34726
imil1242,Imilangu,,dialect,Africa,,
imiv1238,Imiv,,dialect,Africa,,
imog1238,Imoga,,dialect,Africa,,
imon1244,Imona,,dialect,Africa,,
imot1234,Imotong,imt,dialect,Africa,,
bonj1234,Impfondo,bok,language,Africa,2.39823,17.6298
inde1240,Indenie,,dialect,Africa,,
indr1247,Indri,idr,language,Africa,8.81513,25.9848
ined1238,Inedua,,dialect,Africa,,
inet1238,Ineta,,dialect,Africa,,
inge1234,Ingelsi,,dialect,Africa,,
inja1238,Inja,,dialect,Africa,,
inor1240,Inor,,dialect,Africa,,
inor1238,Inoric,ior,language,Africa,7.94883,37.7968
inte1257,Interior Makwe,,dialect,Africa,,
inya1238,Inyanga,,dialect,Africa,,
ioul1238,Ioullemmeden,,dialect,Africa,,
ipoo1238,Ipo,,dialect,Africa,,
ipul1238,Ipulo-Olulu,ass,language,Africa,6.2918,9.64676
ipus1234,Ipusu,,dialect,Africa,,
iraq1241,Iraqw,irk,language,Africa,-4.19948,35.2939
bwir1238,Iregi,,dialect,Africa,,
irel1234,Ireli,,dialect,Africa,,
irii1238,Iri,,dialect,Africa,,
irig1241,Irigwe,iri,language,Africa,9.85197,8.6525
irob1238,Irob,,dialect,Africa,,
iroo1238,Iroole,,dialect,Africa,,
irri1238,Irri,,dialect,Africa,,
irru1238,Irruan,,dialect,Africa,,
irua1238,Iruan,,dialect,Africa,,
obee1238,Irungene,,dialect,Africa,,
isal1239,Isala,,dialect,Africa,,
isan1243,Isanzu,isn,language,Africa,-3.99991,34.846
isek1239,Isekiri,its,language,Africa,5.81898,5.5862
isse1238,Isenye,,language,Africa,-2.019886,34.413574
ishe1239,Ishe,,dialect,Africa,,
tsim1256,Isimjeega,,dialect,Africa,,
isim1234,Isimjeega-Rootigaanga,,language,Africa,-3.423772,35.42881
isin1240,Isindzundza,,dialect,Africa,,
isio1238,Isiokpo,,dialect,Africa,,
isok1239,Isoko,iso,language,Africa,5.52889,6.24682
isop1238,Isopo,,dialect,Africa,,
isuf1235,Isu (Fako Division),szv,language,Africa,3.96758,9.36535
isuk1238,Isukha,,dialect,Africa,,
isum1240,Isu (Menchum Division),isu,language,Africa,6.63731,9.96577
itak1238,Itak,,dialect,Africa,,
itam1234,Itambo,,dialect,Africa,-9.36073,35.32647
itar1242,Itarok,,dialect,Africa,,
itar1241,Itarok Oga Asa,,dialect,Africa,,
iteb1238,Itebiege,,dialect,Africa,,
itee1238,Iteeji,,dialect,Africa,,
itip1234,Itipula,,dialect,Africa,-9.34988,35.21523
itir1238,Itiri,,dialect,Africa,,
itoo1242,Ito,itw,language,Africa,5.14438,8.04626
itob1234,Ito (Boma Yumu),,dialect,Africa,,
itoo1241,Ito (Igede),,dialect,Africa,,
iton1252,Iton Ekwe,,dialect,Africa,,
iton1251,Iton Ngke,,dialect,Africa,,
itum1246,Itumba,,dialect,Africa,,
itum1245,Itu Mbon Uzo,itm,language,Africa,5.52679,7.80378
itur1238,Ituri Kingwana,,dialect,Africa,,
iule1238,Iuleha,,dialect,Africa,,
ivbi1242,Ivbie North,,dialect,Africa,,
ivbi1241,Ivbie North-Okpela-Arhe,atg,language,Africa,7.15307,6.21209
ivhi1241,Ivhiadaobi,,dialect,Africa,,
ivhi1242,Ivhimion,,dialect,Africa,,
iwaa1242,Iwa,,dialect,Africa,,
iwii1238,Iwi,,dialect,Africa,,
iwir1238,Iwire,,dialect,Africa,,
iwor1239,Iworro,,dialect,Africa,,
iwoy1234,Iwoyo,,dialect,Africa,,
iyan1238,Iyani,,dialect,Africa,,
iyas1238,Iyasa,,dialect,Africa,,
iyay1238,Iyayu,iya,language,Africa,7.30076,5.84326
iyed1242,Iyede,,dialect,Africa,,
iyed1241,Iyede-Ami,,dialect,Africa,,
iyiv1238,Iyive,uiv,language,Africa,6.50437,9.53302
iyok1238,Iyoko,,dialect,Africa,,
bakp1238,Iyongiyong,bbs,language,Africa,5.26756,8.26321
iyow1238,Iyowo,,dialect,Africa,,
izem1238,Izem,,dialect,Africa,,
izer1241,Izere,izr,language,Africa,9.5,8.7
izii1239,Izi,izz,dialect,Africa,6.33,8.0
izie1238,Izi-Ezaa-Ikwo-Mgbo,izi,language,Africa,6.31831,8.03044
izin1238,Izini,,dialect,Africa,,
izon1238,Izon,ijc,language,Africa,5.17986,5.51702
izor1238,Izora,cbo,language,Africa,10.4735,8.76468
bady1239,Jaad-Badyara,pbp,language,Africa,12.6425,-13.4759
jaal1238,Ja'ali,,dialect,Africa,,
jabo1238,Jabo,,dialect,Africa,,
jaha1245,Jahanka,jad,language,Africa,12.5863,-12.1443
jort1240,Jakattoe,jrt,language,Africa,9.065,9.361
cent2045,Jalaa,cet,language,Africa,9.59433,11.5853
jala1241,Jalalam,,dialect,Africa,,
jali1243,Jalingo,,dialect,Africa,,
saka1296,Jalking,,language,Africa,11.142643,18.139694
jalk1246,Jalkiya,,dialect,Africa,,
jalk1242,Jalkunan,bxl,language,Africa,10.5426,-5.21959
jamp1241,Jampalam,,dialect,Africa,,
jams1239,Jamsay Dogon,djm,language,Africa,14.1794,-2.57999
jana1236,Jan-Awei,,language,Africa,9.661135,11.384125
jand1249,Janda,,dialect,Africa,,
jand1247,Jander,,dialect,Africa,,
jang1259,Jango of Nassarawa Koma,,dialect,Africa,,
jang1258,Jango of Soncha,,dialect,Africa,,
janj1240,Janji,jni,language,Africa,10.1197,8.63029
jara1274,Jara,jaf,language,Africa,10.5232,11.7036
jara1277,Jara Aweer,,dialect,Africa,,
jara1263,Jarawa (Nigeria),jar,language,Africa,9.8,9.61
jara1273,Jaraw-Domo,,dialect,Africa,,
jaso1238,Jasoa,,dialect,Africa,,
jaul1239,Jaule,,dialect,Africa,,
jaya1242,Jaya,jyy,language,Africa,12.3707,17.9415
jebe1248,Jebel El Amira,,dialect,Africa,,
jebe1249,Jebel Tekeim,,dialect,Africa,,
jebl1238,Jebli,,dialect,Africa,,
jede1238,Jedepo,,dialect,Africa,,
jega1239,Jega,,dialect,Africa,,
dyeg1238,Jegem,,dialect,Africa,,
jekk1238,Jekkino,,dialect,Africa,,
jelg1238,Jelgoore,,dialect,Africa,,
jeri1242,Jeli,jek,language,Africa,9.3957,-5.66717
jemh1238,Jemhwa,,dialect,Africa,,
jena1241,Jena,,dialect,Africa,,
jena1242,Jenaama Bozo,bze,language,Africa,15.2533,-4.0194
jeng1242,Jeng Mumuye,,dialect,Africa,,
jenu1240,Jenuwa,,dialect,Africa,,
jerb1241,Jerba,,dialect,Africa,,
jere1244,Jere,jer,language,Africa,10.1962,8.95834
jere1245,Jèrè,,dialect,Africa,,
jezh1238,Jezhu,,dialect,Africa,,
jiba1237,Jiba,juo,language,Africa,9.26508,11.5099
jiba1245,Jibana,,dialect,Africa,,
jibu1239,Jibu,jib,language,Africa,7.49214,11.3086
jiby1234,Jibyal,,dialect,Africa,9.0602,9.18361
jiee1239,Jie,,dialect,Africa,,
jiid1238,Jiiddu,jii,language,Africa,1.84353,44.1294
jiir1238,Jiir,,dialect,Africa,,
jilb1238,Jilbe,jie,language,Africa,11.7992,14.5794
jimi1254,Jimi (Cameroon),jim,language,Africa,10.251,13.5258
jimi1255,Jimi (Nigeria),jmi,language,Africa,10.7299,9.8118
jimo1235,Jimo,,dialect,Africa,,
jina1244,Jina,jia,language,Africa,11.3555,14.9611
jind1239,Jindwi,,dialect,Africa,,
jing1267,Jingjing,,dialect,Africa,,
jipa1239,Jipal,,dialect,Africa,,
jira1247,Jirai,,dialect,Africa,,
diri1253,Jirim,dir,language,Africa,8.36,11.05
jiru1238,Jiru,jrr,language,Africa,8.64125,10.5872
jita1239,Jita,jit,language,Africa,-1.62681,33.9141
jiye1239,Jiye,,dialect,Africa,,
jjuu1238,Jju,kaj,language,Africa,9.83116,7.97167
jluk1238,Jluko,,dialect,Africa,,
joba1238,Joba,job,language,Africa,-3.45787,28.9978
kuku1284,Jog Goor,,dialect,Africa,,
soda1238,Jog Tao,,dialect,Africa,,
joko1238,Jokot,,dialect,Africa,,
jola1262,Jola-Esulalu,csk,language,Africa,12.5089,-16.5539
jola1263,Jola-Fonyi,dyo,language,Africa,12.75752,-15.7354766667
jona1239,Jonam,,dialect,Africa,,
jong1238,Jonga,,dialect,Africa,,
jonk1238,Jonkor Bourmataguil,jeu,language,Africa,11.5034,19.0954
joto1238,Joto,,dialect,Africa,,
jowu1238,Jowulu,jow,language,Africa,10.7691,-5.47873
juuu1243,Ju,juu,language,Africa,10.1845,9.81175
juar1239,Juarzon,,dialect,Africa,,
jude1262,Judeo-Berber,jbe,language,Africa,30.9,-7.95
jude1265,Judeo-Moroccan Arabic,aju,language,Africa,33.5,-7.5
juii1238,Jui,,dialect,Africa,,
juku1254,Jukun Takum,jbu,language,Africa,7.20236,10.2576
julu1237,Julud,,language,Africa,11.528258,29.552753
jumj1238,Jumjum,jum,language,Africa,10.4349,33.7494
jumu1239,Jumu,,dialect,Africa,,
jung1242,Jung-Jira,,dialect,Africa,,
jung1239,Junguru,,dialect,Africa,,
jurm1239,Jur Modo,bex,language,Africa,6.03321,29.974
jwir1242,Jwira,,dialect,Africa,,
jwir1241,Jwira-Pepesa,jwi,language,Africa,5.10752,-2.10891
kaaa1238,Ka,,dialect,Africa,,
kaaa1239,||Kã,,dialect,Africa,,
kaad1239,Kaa Dan,,dialect,Africa,,
kaag1238,Kaageddi,,dialect,Africa,,
kaal1239,Kaalo,,dialect,Africa,,
kaam1238,Kaamba,xku,language,Africa,-4.0409,13.284
kaan1247,Kaan,ldl,language,Africa,9.70781,12.1508
kaan1246,Kaansa,gna,language,Africa,10.1675,-3.70994
kaba1281,Kaba,ksp,language,Africa,7.64972,16.7344
kaba1280,Kabade,,dialect,Africa,,
kaba1292,Kabalai,kvf,language,Africa,9.38373,16.2821
kaba1279,Ka-Ban,,dialect,Africa,,
kaba1293,Kaba of Tchad-CAR,,dialect,Africa,,
kabe1249,Kabe,,dialect,Africa,,
kabe1244,Kabende,,dialect,Africa,,
kabi1261,Kabiyé,kbp,language,Africa,8.96816,0.495023
kabo1240,Kabo,,dialect,Africa,,
kabr1240,Kabras,lkb,language,Africa,0.29,34.83
kabr1241,Kabri,,dialect,Africa,,
kabu1256,Kabuverdianu,kea,language,Africa,15.0586,-23.6148
kabu1257,Kabuverdianu Sotavento,,dialect,Africa,,
kabw1241,Kabwa,cwa,language,Africa,-1.7124,34.3923
kabw1242,Kabwari,kcw,language,Africa,-4.36966,29.1684
kaby1243,Kabyle,kab,language,Africa,36.4103,4.76137
kach1285,Kachama,,dialect,Africa,,
kach1284,Kachama-Ganjule-Haro,kcx,language,Africa,6.3971,37.9291
kach1282,Kachia,,dialect,Africa,,
kach1281,Kachichere,,dialect,Africa,,
kach1283,Kachikwakwa,,dialect,Africa,,
kaci1245,Kacipo,,dialect,Africa,,
kaci1244,Kacipo-Balesi,koe,language,Africa,6.16512,34.9436
kada1283,Kadagbe,,dialect,Africa,,
kada1293,Ka Dan,,dialect,Africa,,
kada1284,Kadara,kad,language,Africa,9.99696,7.45933
kada1282,Kadaru,kdu,language,Africa,12.1554,30.2709
kadi1246,Kadiro,,dialect,Africa,,
kadj1238,Kadjala,,dialect,Africa,,
kadu1257,Kadugli,,dialect,Africa,,
lege1240,Kaduk,,dialect,Africa,,
kadu1255,Kaduna,,dialect,Africa,,
vagh1248,Kadung,dkg,language,Africa,9.4798,9.34795
kafa1242,Kafa,kbr,language,Africa,7.34022,36.1718
kafa1241,Kafanchan,,dialect,Africa,,
kafi1242,Kafir,,dialect,Africa,,
kafi1243,Kafire,,dialect,Africa,,
kafu1238,Kafu,,dialect,Africa,,
kagg1238,Kag,,dialect,Africa,,
kaga1253,Kaga (Democratic Republic of Congo),,dialect,Africa,,
kagb1241,Kagbaaga,,dialect,Africa,,
kagb1242,Kagbo,,dialect,Africa,,
kago1247,Kagoma,kdm,language,Africa,9.22607,8.18694
kago1248,Kagoro,xkg,language,Africa,14.0546,-9.96404
kago1246,Kagoro (Nigeria),,dialect,Africa,,
kagu1239,Kagulu,kki,language,Africa,-6.38204,37.0534
kahe1238,Kahe,hka,language,Africa,-3.51412,37.5759
kahe1239,Kahemba,,dialect,Africa,,
kaia1244,Kaiama,,dialect,Africa,,
kaig1239,Kaigama,,dialect,Africa,,
kaik1247,Kaiku,kkq,language,Africa,0.75068,28.7394
kayl1240,Kailina,,dialect,Africa,,
kaiv1238,Kaivi,kce,language,Africa,10.4328,8.10795
kaja1254,Kajakse,ckq,language,Africa,12.2492,20.879
kaja1248,Kajanga,,dialect,Africa,,
kaji1238,Kajire-'dulo,,dialect,Africa,,
kajo1240,Kajoko,,dialect,Africa,,
kaju1238,Kajuru,,dialect,Africa,,
kaka1265,Kakabe,kke,language,Africa,10.5962,-11.4418
kaka1264,Kakanda,kka,language,Africa,8.33931,6.55923
kake1234,Kakesio Dorobo,,language,Africa,,
kaki1247,Kakihum,kxe,language,Africa,10.8119,5.58853
kako1242,Kako,kkj,language,Africa,3.79989,15.6282
kako1243,Kakongo,,dialect,Africa,,
kaku1240,Kakumo,,dialect,Africa,,
kakw1240,Kakwa,keo,language,Africa,3.65233,30.7762
kall1245,Kal,,dialect,Africa,,
kala1382,Kala,,dialect,Africa,,
kala1381,Kalabari,ijn,language,Africa,4.53194,6.69539
kala1407,Kalamb,,dialect,Africa,,
kala1383,Kalamsé,knz,language,Africa,13.6106,-3.10033
kala1384,Kalanga,kck,language,Africa,-21.2887,27.401
kala1385,Kalanga (Ronga),,dialect,Africa,,
kalo1266,Kalo,,dialect,Africa,,
kalo1258,Kalounaye,,dialect,Africa,,
kalt1239,Kaltungo,,dialect,Africa,,
kamm1249,Kam,kdx,language,Africa,8.305,11.05611111
kama1356,Kama,,dialect,Africa,,
kama1358,Kamantan,kci,language,Africa,9.85455,7.7119
kama1357,Kamara,jmr,language,Africa,8.93891,-2.34944
kama1379,Kamarin,,dialect,Africa,,
kamb1316,Kambaata,ktb,language,Africa,7.37582,37.9088
kamb1297,Kamba (Kenya),kam,language,Africa,-1.60827,37.9532
kamb1295,Kambariire,,dialect,Africa,,
kamb1298,Kambe,,dialect,Africa,,
kamb1315,Kamburwama,,dialect,Africa,,
kamd1238,Kamda,,dialect,Africa,11.39119,29.11903
kami1258,Kami (Nigeria),kmi,language,Africa,8.57444,6.66088
kami1257,Kamino,,dialect,Africa,,
kami1256,Kami (Tanzania),kcu,language,Africa,-6.71075,37.98
kamo1254,Kamo,kcq,language,Africa,10.0602,11.2712
kamo1253,Kamona,,dialect,Africa,,
kamo1256,Kamona Bijogo,,language,Africa,11.525,-16.29
kams1242,Kamsili,,dialect,Africa,,
kamw1240,Kamwai-Marhai,,dialect,Africa,,
kamw1239,Kamwe,hig,language,Africa,10.646,13.5136
kana1285,Kanam,,dialect,Africa,,
kana1293,Kanamalenga,,dialect,Africa,-8.91872,34.63776
kana1284,Kanandjoho,,dialect,Africa,,
kand1298,Kandaasi,,dialect,Africa,,
kand1299,Kandawire,,dialect,Africa,,
kand1300,Kande,kbs,language,Africa,-0.00776,11.7076
kand1296,Kandere,,dialect,Africa,,
kand1294,Kandéré,,dialect,Africa,,
kand1295,Kande (Togo),,dialect,Africa,,
kand1297,Kande (Tsonga),,dialect,Africa,,
kand1308,Kandi,,dialect,Africa,,
kane1243,Kanembu,kbl,language,Africa,13.8749,14.8437
kang1288,Kanga,kcp,language,Africa,11.0174,29.3463
kang1287,Kangana,,dialect,Africa,,
kang1286,Kango (Bas-Uélé District),kty,language,Africa,3.47633,24.8202
kang1285,Kango (Tshopo District),kzy,language,Africa,1.59855,27.0186
kang1284,Kangou,,dialect,Africa,,
kani1280,Kanika,,dialect,Africa,,
kani1278,Kaningdom,,dialect,Africa,,
kani1277,Kaningdon-Nindem,kdp,language,Africa,9.525,8.37644
kani1279,Kaningi,kzo,language,Africa,-1.71316,13.6111
kank1246,Kankalabe,,dialect,Africa,,
kann1257,Kan (Mbay),,dialect,Africa,,
kann1256,Kanneh,,dialect,Africa,,
kano1249,Kano,,dialect,Africa,,
kano1242,Kano-Katsina,,dialect,Africa,,
kant1248,Kantohe,,dialect,Africa,,
kant1249,Kantosi,xkt,language,Africa,10.9703,-1.92807
kanu1278,Kanu,khx,language,Africa,-1.82559,28.1017
kanu1277,Kanufi,kni,language,Africa,9.55,8.6
bidy1244,Kanyaki-Kagbaaga-Kajoko Bidyogo,bjg,language,Africa,11.1097,-16.1497
kany1247,Kanyok,kny,language,Africa,-7.31878,23.613
kaon1241,Kaonde,kqn,language,Africa,-12.4129,25.7646
kaor1241,Kaoro,,dialect,Africa,,
kaou1238,Kaouara-Timba-Sindou-Koroni,,dialect,Africa,,
kapu1243,Kaputiei,,dialect,Africa,,
kapy1238,Kapya,klo,language,Africa,7.03256,10.0979
kara1482,Kara (Central African Republic),kah,language,Africa,9.99526,22.9947
kara1505,Karakara,,dialect,Africa,,
kara1510,Kara (Mambila),,dialect,Africa,,
kara1483,Karamojong,kdj,language,Africa,2.45157,34.2761
kara1478,Karang,kzr,language,Africa,8.01727,15.2114
kara1484,Karanga,kth,language,Africa,13.1748,20.6354
kara1480,Karanga (Atlantic-Congo),,dialect,Africa,,
kara1485,Karanjan,,dialect,Africa,,
kara1481,Kara (Tanzania),reg,language,Africa,-1.83511,33.0488
kare1338,Kare (Central African Republic),kbn,language,Africa,7.05641,15.2207
kare1348,Karekare,kai,language,Africa,12.5176,10.8732
kari1306,Kari,kbj,language,Africa,5.03525,25.7491
kari1305,Kari (Central African Republic),,dialect,Africa,,
kari1321,Karimama,,dialect,Africa,,
kari1316,Kariya,kil,language,Africa,11.0119,9.63992
kark1257,Karkawu,,dialect,Africa,,
kark1256,Karko,kko,language,Africa,12.0542,29.2074
karo1297,Karo (Ethiopia),kxh,language,Africa,5.2101,36.1709
karo1251,Karoka,,dialect,Africa,,
karo1295,Karombe,,dialect,Africa,,
karo1294,Karon,krx,language,Africa,12.9918,-16.7382
karo1296,Karondi,,dialect,Africa,,
kaga1254,Karta,,dialect,Africa,,
karu1253,Karu,,dialect,Africa,,
karu1252,Karungu,,dialect,Africa,,
kasa1249,Kasaa,,dialect,Africa,,
kasa1248,Kasanga,ccj,language,Africa,12.4173,-15.9413
kasa1250,Kasara,,dialect,Africa,,
kase1253,Kasem,xsm,language,Africa,11.0824,-1.39076
kase1254,Kasenga,,dialect,Africa,,
kash1279,Kashmere,,dialect,Africa,,
kasi1253,Kasigau,,dialect,Africa,,
kaso1238,Kasoma,,dialect,Africa,,
kass1249,Kassadou Lele,,dialect,Africa,,
kata1265,Katab,,dialect,Africa,,
kata1274,Katagum,,dialect,Africa,,
kata1266,Katanga Swahili,,dialect,Africa,,
katc1250,Katcha,,dialect,Africa,,
katc1249,Katcha-Kadugli-Miri,xtc,language,Africa,10.8423,29.4914
kate1235,Kateik,,dialect,Africa,,
kati1274,Katiara,,dialect,Africa,,
kati1273,Katiola,,dialect,Africa,,
katl1237,Katla,kcr,language,Africa,11.80325,29.28254
kats1239,Katsina,,dialect,Africa,,
kauu1239,Kau,,dialect,Africa,,
kaum1238,Kauma,,dialect,Africa,,
kawa1287,Kawalké,,dialect,Africa,,
kawa1291,Kawaway,,language,Africa,10.182111,18.571083
kawi1240,Kawiku,,dialect,Africa,,
keak1238,Keaka,,dialect,Africa,,
kean1238,Keana,,dialect,Africa,,
kebb1238,Kebbawa,,dialect,Africa,,
kebd1234,Kebdana,,dialect,Africa,,
kebe1238,Kebeenton,,dialect,Africa,,
kebu1245,Kebu Fula,,dialect,Africa,,
kech1245,Kecherda,,dialect,Africa,,
kedd1234,Ked,,dialect,Africa,,
kedi1239,Kede,,dialect,Africa,,
keek1238,Keekonyokie,,dialect,Africa,,
keem1238,Keembo,,dialect,Africa,,
keen1240,Keenge,,dialect,Africa,,
kera1248,Keerak,hhr,language,Africa,12.3652,-16.6857
keig1242,Keiga,kec,language,Africa,11.2064,29.3889
keig1243,Keiga Jirru,,dialect,Africa,,
keiy1238,Keiyo,eyo,language,Africa,0.510857,35.226745
keke1238,Kekem,,dialect,Africa,,
kela1254,Kela (Democratic Republic of Congo),kel,dialect,Africa,-1.39085,24.0051
kele1257,Kélé,keb,language,Africa,-0.78854,10.3836
kele1255,Kele-Foma,khy,language,Africa,0.36906,24.3098
kele1266,Kélendé,,dialect,Africa,,
keli1248,Keliko,kbo,language,Africa,3.56039,30.556
azaw1238,Kel Ilokkod,,dialect,Africa,,
keli1249,Kelingan,,dialect,Africa,,
kelo1246,Kelo,xel,language,Africa,10.9291,34.3816
keme1240,Kemezung,dmo,language,Africa,6.69577,10.4984
kemp1234,Kempee,,language,Africa,-2.3,18.0
kemu1238,Kemu,,dialect,Africa,,
kend1253,Kendeje,klf,language,Africa,13.24447,21.53955
kend1252,Kendem,kvm,language,Africa,5.77429,9.63201
keng1240,Kenga,kyq,language,Africa,11.6816,18.1464
keni1245,Keni,,dialect,Africa,,
keni1246,Kenieba Maninka,,dialect,Africa,,
kenk1238,Ken-Khana,,dialect,Africa,,
kens1251,Kenswei Nsei,ndb,language,Africa,6.01713,10.412
kent1256,Kente,,dialect,Africa,,
kent1257,Kentin,,dialect,Africa,,
kenu1243,Kenuzi,xnz,dialect,Africa,24.09,32.9
kenu1236,Kenuzi-Dongola,kzh,language,Africa,21.2837,31.8992
keny1279,Kenyang,ken,language,Africa,5.58288,9.55918
keny1241,Kenya-Somali Sign Language,xki,language,Africa,-1.00166,37.1995
keny1276,Kenyen,,dialect,Africa,,
keny1278,Kenyi,lke,language,Africa,1.1513,33.4791
keny1277,Kenyi (Kgalagadi),,dialect,Africa,,
kera1255,Kera,ker,language,Africa,9.88165,15.1419
kere1284,Kere,,dialect,Africa,,
kere1282,Kere (Ethiopia),,dialect,Africa,,
kere1283,Kerewe,ked,language,Africa,-2.09315,33.5326
kere1294,Kereyu,,dialect,Africa,,
kesa1243,Kesari,,dialect,Africa,,
nucl1401,Keshaa,,dialect,Africa,,
keta1244,Ketama,,dialect,Africa,,
kete1252,Kete,kcv,language,Africa,-7.15104,22.9027
keti1246,Ketiepo,,dialect,Africa,,
keti1245,Ketin,,dialect,Africa,,
kewe1235,Kewe,,dialect,Africa,,
sema1267,Kɛsɔlɛ́,,dialect,Africa,,
kgag1238,Kgaga,,dialect,Africa,,
kgal1244,Kgalagadi,xkv,language,Africa,-24.9208,22.72016
kgat1238,Kgatla,,dialect,Africa,,
khak1249,Khakhae,,dialect,Africa,,
kham1292,Khambani,,dialect,Africa,,
kham1301,Khamir,,dialect,Africa,,
khan1278,Khana,ogo,language,Africa,4.70908,7.44363
khar1296,Khartoum,,dialect,Africa,,
khay1238,Khayo,lko,language,Africa,0.54,34.25
khee1238,Khe,kqg,language,Africa,9.79704,-4.24384
khes1242,|Khessákhoe,,dialect,Africa,,
khis1238,Khisa,kqm,language,Africa,9.72099,-4.05416
khol1238,Kholifa,,dialect,Africa,,
khol1240,Kholok,ktc,language,Africa,9.33645,10.9671
khua1244,Khuai,,language,Africa,,
khut1242,Khute,,dialect,Africa,,
khut1241,Khutswe,,dialect,Africa,,
kian1236,Kiantalaotse,,dialect,Africa,,
kiba1245,Kiba,,dialect,Africa,,
bolo1261,Kibala,blv,language,Africa,-10.3511,15.0867
kiba1244,Kibangha,,dialect,Africa,,
kiba1246,Kibar,,dialect,Africa,,
kibe1241,Kibet,kie,language,Africa,11.32054,20.87674
bush1250,Kibosy Kiantalaotsy-Majunga,buc,language,Africa,-12.9652,45.1368
kibu1236,Kibushi-Kimaore,,dialect,Africa,,
kich1261,Kichepo,,dialect,Africa,,
kidd1235,Kiddu,,dialect,Africa,,
kiem1238,Kiembara,,dialect,Africa,,
kiga1238,Kigala,,dialect,Africa,,
kusg1238,Kigile-Kusgilo,,dialect,Africa,,
kigu1238,Kigumu,,dialect,Africa,,
kigy1238,Kigyoma,,dialect,Africa,,
kiha1242,Kihai,,dialect,Africa,,
kiha1240,Ki|hazi,,dialect,Africa,,
kija1238,Kijang,,dialect,Africa,,
kije1234,Kijee Aweer,,dialect,Africa,,
kika1240,KiKAR,,language,Africa,,
kiku1240,Kikuyu,kik,language,Africa,-0.29005,36.719
kili1272,Kilii,,dialect,Africa,,
kimm1246,Kim,kia,language,Africa,9.79442,15.8936
nucl1704,Kimant,,dialect,Africa,,
kima1247,Kimanyanga,,dialect,Africa,,
mbal1254,Kimbala H16,,dialect,Africa,,
nzam1238,Kimbata,,dialect,Africa,,
sout2810,Kimbeko,,dialect,Africa,,
kimb1243,Kimboma,,dialect,Africa,,
kimb1242,Kimbu,kiv,language,Africa,-7.23023,33.6445
kimb1241,Kimbundu,kmb,language,Africa,-8.97835,14.8893
kimp1234,Kimpangu,,dialect,Africa,,
kimr1241,Kimre,kqp,language,Africa,9.42071,16.9423
kimr1242,Kimruwa,,dialect,Africa,,
kimw1238,Kimwela,,dialect,Africa,,
kina1249,Kinakomba,,dialect,Africa,,
kinb1238,Kinbakka,,dialect,Africa,,
kind1243,Kindamba,,dialect,Africa,,
kind1236,Kinderma,,dialect,Africa,,
kind1244,Kindibu,,dialect,Africa,,
kind1242,Kindige,,dialect,Africa,,
kine1234,Kine,,dialect,Africa,,
nucl1379,Kinga,zga,language,Africa,-9.35868,34.2321
kink1239,Kinkanu,,dialect,Africa,,
ling1263,Kinshasa Lingala,lin,language,Africa,-4.409174,15.28532
east2405,Kintandu,,dialect,Africa,,
kinu1239,Kinuku,kkd,language,Africa,10.3524,8.1296
kiny1242,Kinyabanga,,dialect,Africa,,
kiny1243,Kinyamunsange,,dialect,Africa,,
kiny1244,Kinyarwanda,kin,language,Africa,-1.56771,29.6441
kion1242,Kiong,kkm,language,Africa,5.20497,8.35234
kips1239,Kipsigis,sgc,language,Africa,-0.35774,35.258532
kipt1234,Kiptani,,dialect,Africa,,
kira1252,Kirawa,,dialect,Africa,,
kirb1236,Kir-Balar,kkr,language,Africa,10.1456,9.77003
kiri1254,Kirike,okr,language,Africa,4.41126,6.98938
kirk1236,Kirkpong,,dialect,Africa,,
kiro1241,Kiroba,,dialect,Africa,,
kiry1234,Kirya-Konzel,fkk,language,Africa,10.48,13.36
kisa1263,Kisa,lks,language,Africa,0.1529,34.5708
kisa1268,Kisakinda-Kinkiari,,dialect,Africa,,
kisa1262,Kisanga,,dialect,Africa,,
kisa1264,Kisankasa,kqh,language,Africa,-2.780485,36.59766
kise1238,Kisede,,dialect,Africa,,
semu1240,Kisémolo,,dialect,Africa,,
sett1235,KiSetla,sta,language,Africa,-15.6067,28.6923
binj1248,Kisɛ́mbɔ́mbɔ,,dialect,Africa,,
kish1246,Kishamba,,dialect,Africa,,
kisi1243,Kisi,kiz,language,Africa,-9.93,34.4825
kisi1246,Kisibemba,,dialect,Africa,,
kisi1245,Kisikongo,,dialect,Africa,,
kisi1251,Kisisi,,language,Africa,-0.50021,36.25994
kiso1239,Kisolongo Angola,,dialect,Africa,,
kiso1240,Kisolongo DRC,,dialect,Africa,,
kiso1238,Kisonko,,dialect,Africa,,
kist1241,Kistane,gru,language,Africa,8.33561,38.4763
kita1249,Kita Maninkakan,mwk,language,Africa,13.1798,-9.49151
kits1250,Kitsootso,,dialect,Africa,,
kitu1245,Kituba (Congo),mkw,language,Africa,-4.15654,14.5648
kitu1246,Kituba (Democratic Republic of Congo),ktu,language,Africa,-2.29601,17.1548
kivu1238,Kivu Swahili,,dialect,Africa,,
bosh1240,Kiwoso,,dialect,Africa,,
kiya1238,Kiya,,dialect,Africa,,
kiyo1234,Kiyombe,,dialect,Africa,,
kiza1239,Kizamani,izm,language,Africa,10.16457,8.26269
kizi1242,Kiziere,,dialect,Africa,,
kizo1240,Kizobe,,dialect,Africa,,
kizo1239,Kizombo,,dialect,Africa,,
kjal1234,Kjal,,dialect,Africa,,
klad1234,Kla-Dan,lda,dialect,Africa,,
klam1253,Klamaasise,,dialect,Africa,,
klan1243,Klan,,dialect,Africa,,
klao1243,Klao,klu,language,Africa,5.05,-8.85
klee1238,Kle,,dialect,Africa,,
klen1239,Kle Noehmõ,,dialect,Africa,,
klep1238,Klepo,,dialect,Africa,,
kooo1244,Ko,fuj,language,Africa,10.7321,31.5399
koal1240,Koalib-Rere,kib,language,Africa,11.69648,30.47166
kobe1242,Kobe,,dialect,Africa,,
kobi1241,Kobiana,kcj,language,Africa,13.5269,-14.4527
kobo1255,Kobom,,dialect,Africa,,
kobo1254,Kobotachi,,dialect,Africa,,
kodi1246,Kodia,kwp,language,Africa,5.49671,-6.31915
kodo1238,Kodoo,,dialect,Africa,,
koen1239,Koenoem,kcs,language,Africa,9.01129,9.46622
kofa1236,Kofa,kso,language,Africa,9.76068,12.8757
koff1242,Koffa,,dialect,Africa,,
koff1238,Koffa (Mfumte),,dialect,Africa,,
dimm1243,Kofyar-Doemak,,dialect,Africa,,
kohu1244,Kohumono,bcs,language,Africa,5.92596,7.96202
koim1234,Koimei,,dialect,Africa,,
koke1240,Koke,kou,language,Africa,10.6829,18.4121
koko1267,Kokola,kzn,language,Africa,-16.2681,35.5767
kola1291,Kola (Mazagway),,dialect,Africa,,
kolb1240,Kolbila,klc,language,Africa,8.26797,13.2707
kolc1235,Kol (Cameroon),biw,language,Africa,3.65994,12.8574
kold1235,Koldrong,,dialect,Africa,,
koln1238,Kol North,,dialect,Africa,,
kolo1262,Kolokuma-Opokuma,,dialect,Africa,,
kolo1265,Kolo (Langi),,dialect,Africa,,
kolo1264,Koloo,,dialect,Africa,,
kolo1263,Kolop,,dialect,Africa,,
kols1242,Kol South,,dialect,Africa,,
kolu1244,Koluama,,dialect,Africa,,
kolu1247,Kolum So Dogon,dkl,language,Africa,14.3617,-3.8795
komm1247,Kom,,dialect,Africa,,
koma1269,Koma,,dialect,Africa,,
koma1267,Koma Damti,,dialect,Africa,,
koma1266,Koma Ndera,kmy,language,Africa,8.70976,12.7282
komb1268,Kombo,,dialect,Africa,,
komc1235,Kom (Cameroon),bkm,language,Africa,6.2596,10.3348
komi1275,Komiya,,dialect,Africa,,
komo1259,Komo,,dialect,Africa,,
komo1260,Komo (Democratic Republic of Congo),kmw,language,Africa,-0.76333,26.7144
komo1258,Komo (Sudan-Ethiopia),xom,language,Africa,8.94162,34.0939
gomm1238,Kompana,,dialect,Africa,,
komt1237,Komta,,language,Africa,,
kond1299,Konda (Mongo),,dialect,Africa,,
kond1300,Konda (Ngwo),,dialect,Africa,,
kond1296,Konde,,dialect,Africa,,
kond1298,Kondoa,,dialect,Africa,,
kond1297,Kondoa (Sagala),,dialect,Africa,,
kong1290,Kong,,dialect,Africa,,
kong1291,Konga,,dialect,Africa,,
kong1286,Kongba,,dialect,Africa,,
kong1285,Kongbaa,,dialect,Africa,,
kong1289,Kong (Cameroon),,dialect,Africa,,
kong1292,Kong Jula,,dialect,Africa,,
kong1288,Kongola-Meno,,dialect,Africa,,
koni1259,Koni,,dialect,Africa,,
koni1260,Koniéré,,dialect,Africa,,
koni1257,Konike,,dialect,Africa,,
koni1258,Koniko,,dialect,Africa,,
konk1269,Konkomba,xon,language,Africa,9.82224,0.2783
konn1243,Kon Ngam,,dialect,Africa,,
konn1242,Konni,kma,language,Africa,10.2368,-1.54376
kono1266,Konobo,,dialect,Africa,,
east2414,Konobo-Eastern Krahn,kqo,language,Africa,5.83555,-7.85454
kono1267,Kono (Guinea),knu,language,Africa,7.85002,-8.25793
kono1270,Konongo,,dialect,Africa,,
kono1265,Konongo-Ruwila,kcz,language,Africa,-6.51503,32.1803
kono1264,Kono (Nigeria),klk,language,Africa,10.436,8.32193
kono1268,Kono (Sierra Leone),kno,language,Africa,8.67039,-10.9214
kons1243,Konso,kxc,language,Africa,5.39111,37.53
kony1250,Konyanka Maninka,mku,language,Africa,8.667,-8.7112
konz1239,Konzo,koo,language,Africa,0.32395,29.8696
kook1242,Kooki,,dialect,Africa,,
kook1241,Kookwila,,dialect,Africa,,
koon1246,Koony,,dialect,Africa,,
koon1245,Koonzime,ozm,language,Africa,3.25933,13.54152
koor1238,Koor,,dialect,Africa,,
koor1239,Koorete,kqy,language,Africa,5.80545,37.8679
kopa1247,Kopa,,dialect,Africa,,
kopa1246,Kopa (Bangba),,dialect,Africa,,
nucl1694,Kopti,,dialect,Africa,,
kora1299,Kora,,dialect,Africa,,
kora1290,Korakuure,,dialect,Africa,,
kora1292,Korana,kqz,language,Africa,-30.4207,19.7711
kora1291,Korandje,kcy,language,Africa,29.4957,-2.48113
kore1282,Kore,,dialect,Africa,,
kore1281,Korekore,,dialect,Africa,,
kori1258,Korintal,,dialect,Africa,,
kori1260,Koriok,,dialect,Africa,,
koro1306,Koro (Côte d'Ivoire),kfo,language,Africa,8.11966,-5.73572
koro1321,Korogwe,,dialect,Africa,,
koro1307,Koroka,,dialect,Africa,,
koro1298,Koromfé,kfz,language,Africa,14.046,-1.96187
koro1302,Koron Ache,,dialect,Africa,,
koro1305,Korondougou,,dialect,Africa,,
koro1303,Koron Panda,,dialect,Africa,,
koro1323,Koro Nulu,vkn,language,Africa,9.24181,7.29786
koro1304,Korop,krp,language,Africa,5.16206,8.80859
koro1324,Koro Zuba,vkz,language,Africa,9.1006,7.21391
koss1238,Kos,,dialect,Africa,,
kosa1248,Kosa,,dialect,Africa,,
kosh1246,Koshin,kid,language,Africa,6.5817,10.299
kooo1243,Ko (Sierra Leone),,dialect,Africa,,
koso1244,Kosop,,dialect,Africa,,
kota1272,Kotafon Gbe,kqk,language,Africa,6.64027,1.72346
kota1274,Kota (Gabon),koq,language,Africa,1.016,13.97
koti1238,Koti,eko,language,Africa,-16.4823,39.7602
koto1250,Koto,,dialect,Africa,,
koto1271,Koto Gula,,dialect,Africa,,
gula1267,Kotoic Gula,,dialect,Africa,,
koty1238,Kotya,,dialect,Africa,,
koul1241,Koulango of Bondoukou,,dialect,Africa,,
koul1240,Koulango of Bouna,,dialect,Africa,,
koul1238,Koulounkalan,,dialect,Africa,,
koum1238,Koumongou,,dialect,Africa,,
koun1238,Kounte Lele,,dialect,Africa,,
kour1234,Kourtey,,dialect,Africa,,
kouy1238,Kouya,kyf,language,Africa,7.27375,-6.5685
maoo1245,Kowono,,dialect,Africa,,
koya1253,Koyaga,kga,language,Africa,8.0946,-6.2041
koya1250,Koya (Mande),,dialect,Africa,,
koya1252,Koya (Sierra Leone),,dialect,Africa,,
koyo1242,Koyo,koh,language,Africa,-0.69688,15.7508
koyo1243,Koyo (Cote d'Ivoire),,dialect,Africa,,
koyo1246,Koyo Gula,,dialect,Africa,,
koyr1242,Koyraboro Senni Songhai,ses,language,Africa,16.9634,-0.55187
koyr1241,Koyra Chiini,,dialect,Africa,,
koyr1240,Koyra Chiini Songhay,khq,language,Africa,16.192,-3.73962
koyt1238,Koyta,,dialect,Africa,,
koza1239,Koza,,dialect,Africa,,
kpaa1242,Kpa,,dialect,Africa,,
kpag1238,Kpagua,kuw,language,Africa,4.96154,20.1584
kpak1238,Kpakolo,,dialect,Africa,,
kpal1241,Kpala,kpl,language,Africa,4.51093,20.3108
kpan1246,Kpan,kpk,language,Africa,7.58343,10.1642
kpan1247,Kpango,,dialect,Africa,,
naka1261,Kpara-Naka,,dialect,Africa,,
kpar1234,Kparev,,dialect,Africa,,
kpas1242,Kpasam,pbn,language,Africa,8.75286,11.231
kpas1241,Kpase,,dialect,Africa,,
kpaa1243,Kpa (Sierra Leone),,dialect,Africa,,
kpat1246,Kpati,koc,language,Africa,7.25286,9.97669
kpat1244,Kpatili,kym,language,Africa,5.17203,21.8594
kpat1245,Kpatogo,,dialect,Africa,,
kpea1238,Kpeaply,,dialect,Africa,,
kpee1234,Kpeego,cpo,language,Africa,10.7244,-5.2677
kpel1251,Kpelen,,dialect,Africa,,
kpes1238,Kpessi,kef,language,Africa,8.05471,1.21078
kpla1238,Kplang,kph,language,Africa,8.06653,-0.80295
kple1238,Kplebo,,dialect,Africa,,
kplo1238,Kplor,,dialect,Africa,,
kpoo1238,Kpo,,dialect,Africa,,
kpor1238,Kporo,,dialect,Africa,,
kpug1234,Kpugbong,,dialect,Africa,,
krac1238,Krache,kye,language,Africa,7.93475,0.01925
gbay1292,Kresh,,dialect,Africa,,
gbay1290,Kresh Hofra,,dialect,Africa,,
gbay1289,Kresh Ndogo,,dialect,Africa,,
gbay1288,Kresh-Woro,krs,language,Africa,8.43391,25.0
krim1238,Krim,krm,dialect,Africa,7.24116,-11.8393
krio1253,Krio,kri,language,Africa,10.8811,-14.3204
krio1246,Krio Fula,,dialect,Africa,,
krob1243,Krobo,,dialect,Africa,,
krob1245,Krobu,kxb,language,Africa,5.86161,-4.47739
kron1241,Krongo,kgo,language,Africa,10.514,30.003
kron1244,Krongo Abdalla,,dialect,Africa,,
libe1240,Kru Pidgin English,lir,language,Africa,6.423,-10.5284
kuaa1239,Kua,,dialect,Africa,,
kuan1247,Kuanyama,kua,language,Africa,-17.7176,16.58
kuba1250,Kubari,,dialect,Africa,,
kaba1282,Kubari-Suwurti,,dialect,Africa,,
kube1243,Kube,,dialect,Africa,,
kubi1239,Kubi,kof,language,Africa,10.6274,10.2746
kuch1248,Kuchi,,dialect,Africa,,
kudu1242,Kudu,,dialect,Africa,,
kudu1241,Kudu-Camo,kov,language,Africa,11.0819,9.07725
kuee1238,||Ku||e,,dialect,Africa,,
kufa1238,Kufa-Lima,,dialect,Africa,,
kufu1238,Kufuru,,dialect,Africa,,
kugb1241,Kugbo,kes,language,Africa,4.72951,6.56333
kuge1239,Kugere,,dialect,Africa,,
bayo1255,Kugere-Kuxinge,bda,language,Africa,12.6881,-16.3947
kugo1238,Kugong,,dialect,Africa,,
kuja1240,Kujaa,,dialect,Africa,,
kuja1239,Kujarge,vkj,language,Africa,11.7473,22.1956
kuji1238,Kujinga,,dialect,Africa,,
kukk1239,Kuk,kfn,language,Africa,6.43762,10.1841
kuka1247,Kuka,,dialect,Africa,,
kuke1242,Kukele,kez,language,Africa,6.70286,8.39343
kuko1238,Kukoma,,dialect,Africa,,
kuku1285,Kuku,ukv,language,Africa,3.9613,31.537
kukw1235,Kukwaya,,dialect,Africa,,
kukw1245,Kukwe,,dialect,Africa,,
kula1276,Kulag,,dialect,Africa,,
kula1286,Kulag-Jog Goor,,dialect,Africa,,
kula1278,Kula (Tanzania),,dialect,Africa,,
kuld1238,Kuldaji,,dialect,Africa,,
kule1247,Kulere,kul,language,Africa,9.18,8.85
kule1242,Kulere (Cote d'Ivoire),,dialect,Africa,,
kulf1238,Kulfa,kxj,language,Africa,9.96327,18.9055
kulu1255,Kulung (Nigeria),bbu,language,Africa,9.20815,11.04651
kuma1275,Kumam,kdi,language,Africa,1.74748,33.2116
kumb1238,Kumba,ksm,language,Africa,8.82122,12.04155
kumb1272,Kumba (Democratic Republic of Congo),,dialect,Africa,,
kumb1273,Kumbere,,dialect,Africa,,
kumb1278,Kumbi,,dialect,Africa,,
kumb1270,Kumbo,,dialect,Africa,,
kumb1269,Kumbo (Ijoid),,dialect,Africa,,
kumb1279,Kumbo-Takum,,dialect,Africa,,
kumb1271,Kumbule,,dialect,Africa,,
kuna1266,Kunabe,,dialect,Africa,,
kuna1267,Kunabembe,,dialect,Africa,,
kuna1268,Kunama,kun,language,Africa,14.5879,37.5292
kund1254,Kunda,,dialect,Africa,,
kund1256,Kunda (Democratic Republic of Congo),,dialect,Africa,,
kunf1239,Kunfäl,,dialect,Africa,,
kung1260,Kung,kfl,language,Africa,6.53881,10.2073
kuns1242,Kunshenu,,dialect,Africa,,
kunt1238,Kunteni,,dialect,Africa,,
kuny1238,Kunyi,njx,language,Africa,-3.69702,12.5197
kuoo1238,Kuo,xuo,language,Africa,7.97771,15.4843
kupa1238,Kupa,kug,language,Africa,8.48437,6.35806
kups1238,Kupsabiny,kpz,language,Africa,1.33197,34.5991
kura1248,Kura Ede Nago,nqk,language,Africa,9.43401,1.49505
kura1249,Kurama,krh,language,Africa,10.4766,7.93507
kura1250,Kuranko,knk,language,Africa,9.49325,-10.6122
kure1239,Kure,,dialect,Africa,,
kurf1238,Kurfey,,dialect,Africa,,
kuri1259,Kuria,kuj,language,Africa,-1.50636,34.5049
kuri1265,Kuri (Buduma),,dialect,Africa,,
kurm1244,Kurmi,,dialect,Africa,,
kurm1245,Kurmin Dangana,,language,Africa,9.6,7.916667
kurr1244,Kur (Nigeria),,dialect,Africa,,
kurt1249,Kurtala,,dialect,Africa,,
kuru1312,Kuru-Maninka,,dialect,Africa,,
kuru1303,Kururu,,dialect,Africa,,
kuru1304,Kuruwer,,dialect,Africa,,
kusa1250,Kusaal,kus,language,Africa,10.9703,-0.38756
kuse1238,Kuseki,,dialect,Africa,,
kush1236,Kushi,kuh,language,Africa,9.40731,10.9396
kusu1252,Kusu,ksv,language,Africa,-3.61459,25.2923
kusu1251,Kusuntu,,dialect,Africa,,
kuta1242,Kuta,,dialect,Africa,,
kute1248,Kutep,kub,language,Africa,7.07479,10.0916
kutt1236,Kutto,kpa,language,Africa,10.7074,11.4953
kutu1263,Kutu,kdc,language,Africa,-7.23789,37.8623
kutu1261,Kutule,,dialect,Africa,,
kutu1265,Kutu (Libinza),,dialect,Africa,,
kutu1264,Kutu (Mongo),,dialect,Africa,,
kutu1262,Kuturmi,khj,language,Africa,10.1485,7.96524
kuuk1242,Kuuku,,dialect,Africa,,
kuun1237,Kuunem,,dialect,Africa,,
kuva1244,Kuvale,olu,language,Africa,-15.3065,12.7148
kuwa1247,Kuwaa,blh,language,Africa,7.54885,-9.9765
kuwa1246,Kuwaataay,cwt,language,Africa,12.48255,-16.74835
kuya1249,Kuya,,dialect,Africa,,
kwaa1263,Kwaafi,,dialect,Africa,,
kwaa1269,Kwaami,ksq,language,Africa,10.4141,11.0192
kwad1244,Kwadi,kwz,language,Africa,-15.8745,12.1147
kwad1248,Kw'adza,wka,language,Africa,-4.00743,35.1828
kwaa1264,Kwa (Fipa),,dialect,Africa,,
kwag1238,Kwagallak,,dialect,Africa,,
kwaj1243,Kwaja,,dialect,Africa,,
kwaj1242,Kwaja-Ndaktup,kdz,language,Africa,6.650434,11.06
kwaj1241,Kwaji,,dialect,Africa,,
kwak1264,Kwak,kwq,language,Africa,6.66524,11.1087
kwak1271,Kwak Shilluk,,dialect,Africa,,
kwak1266,Kwakum,kwu,language,Africa,4.34393,13.6446
kwak1265,Kwakwagom,,dialect,Africa,,
kwak1267,Kwak (Yamba),,dialect,Africa,,
kwal1255,Kwali,,dialect,Africa,,
kwal1254,Kwaludhi,,dialect,Africa,,
kwam1251,Kwambi,kwm,language,Africa,-18.0339,15.7294
kwam1250,Kwami,ktf,language,Africa,-1.53712,27.4633
kwan1274,Kwandi,,dialect,Africa,,
kwan1289,Kwandu,xdo,language,Africa,-13.80147,13.11922
kwan1285,Kwang,kvi,language,Africa,10.1181,16.5129
kwan1273,Kwangali,kwn,language,Africa,-17.9026,19.256
kwan1271,Kwange,,dialect,Africa,,
kwan1277,Kwange (Nigeria),,dialect,Africa,,
kwan1275,Kwangwa,,dialect,Africa,,
kwan1276,Kwanja,knp,language,Africa,6.30293,11.6931
kwar1243,Kwarta Mataci,,dialect,Africa,,
kwas1243,Kwasio,nmg,language,Africa,2.39354,10.0812
ibal1241,Kwa South,tek,language,Africa,-4.20697,15.3893
kwaw1238,Kwawu,,dialect,Africa,,
kway1241,Kwaya,kya,language,Africa,-1.80737,33.71
kway1242,Kwayam,,dialect,Africa,,
kwaz1242,Kwazwimba,,dialect,Africa,,
kweg1241,Kwegu,xwg,language,Africa,5.40416,36.1702
kwen1245,Kwena,,dialect,Africa,,
kwen1246,Kweny,,dialect,Africa,,
kwer1261,Kwere,cwe,language,Africa,-6.50666,38.4449
kwes1244,Kwese,kws,language,Africa,-5.60445,18.5759
kwes1246,Kweso,,dialect,Africa,,
kwil1239,Kwilu-Kamtsha,,dialect,Africa,,
kwis1235,Kwisi,,language,Africa,,
kwol1241,Kwolla,,dialect,Africa,,
kwon1238,Kwonci,,dialect,Africa,,
kwye1234,Kwyeny,,dialect,Africa,,
kxoe1243,Kxoe,xuu,language,Africa,-16.59051,22.599835
kxoe1244,Kxoedam,,dialect,Africa,,
kyak1243,Kyak,bka,language,Africa,9.51524,11.2785
kyan1239,Kyanzi,,dialect,Africa,,
kyen1242,Kyenga,tye,language,Africa,11.5953,3.58651
cori1240,Kyoli,cry,language,Africa,9.59,8.06
kyur1234,Kyurav,,dialect,Africa,,
laab1237,Laabe,,dialect,Africa,,
laad1236,Laadi,,dialect,Africa,,
laal1242,Laal,gdm,language,Africa,10.0063,17.6143
laal1241,Láá Láá Bwamu,bwj,language,Africa,11.6524,-3.17735
laar1238,Laari,ldi,language,Africa,-4.25,14.9
labi1244,La'bi,lbi,language,Africa,7.85817,15.2895
labi1245,Labir,jku,language,Africa,10.4847,9.59527
labw1238,Labwor,lth,dialect,Africa,2.699942,33.657947
lafi1238,La'fi,,dialect,Africa,,
lafo1243,Lafofa,laf,language,Africa,10.3357,30.7331
lago1242,Lagowa,,dialect,Africa,,
lagw1237,Lagwan,kot,language,Africa,11.5592,14.9884
laii1239,Lai,,dialect,Africa,,
laia1241,Laia,,dialect,Africa,,
laim1240,Laimbue,lmx,language,Africa,6.28158,10.1427
lait1238,Laitokitok,,dialect,Africa,,
laiy1245,Laiyen,,dialect,Africa,,
laka1254,Laka (Chad),lap,language,Africa,7.78997,16.0193
laka1253,Lakama'di,,dialect,Africa,,
laka1252,Laka of Lau (Nigeria),lak,dialect,Africa,9.14965,11.228
lako1244,Lakota Dida,dic,language,Africa,5.86012,-5.40633
lala1264,Lala-Bisa,leb,language,Africa,-12.945,30.2297
lala1265,Lala (Lala-Bisa),,dialect,Africa,,
lala1263,Lala (Nguni),,dialect,Africa,,
lala1262,Lala (Nigeria),,dialect,Africa,,
lala1261,Lala-Roba,lla,language,Africa,9.89429,12.169
lali1242,Lalia,lal,dialect,Africa,-1.11711,23.3634
lamm1244,Lam,,dialect,Africa,,
lama1288,Lamang,hia,language,Africa,11.0243,13.7362
lama1274,Lama-Tissi,,dialect,Africa,,
lama1275,Lama (Togo),las,language,Africa,8.66954,0.833293
lamb1271,Lamba,lam,language,Africa,-12.3366,27.9026
lamb1270,Lambwe,,dialect,Africa,,
lamb1272,Lambya,lai,language,Africa,-9.49372,33.15852
lame1257,Lame,bma,language,Africa,10.7229,8.78768
lame1268,Lamé,,dialect,Africa,,
lamj1246,Lamja,,dialect,Africa,,
lamj1245,Lamja-Dengsa-Tola,ldh,language,Africa,8.63772,12.1644
lamn1239,Lamnso',lns,language,Africa,6.19194,10.84295
lamo1242,Lamogi,,dialect,Africa,,
land1256,Landoma,ldm,language,Africa,10.8753,-14.0895
lang1321,Langa,,dialect,Africa,,
lang1319,Langantere,,dialect,Africa,,
lang1332,Langas,,dialect,Africa,10.17,9.83
lang1317,Langba,,dialect,Africa,,
lang1318,Langbashe,lna,language,Africa,4.87523,20.109
lang1320,Langi,lag,language,Africa,-4.71413,35.9517
lang1322,Lango-Logire-Logir,lno,language,Africa,4.04948,33.0412
lang1343,Lango (South Sudan),lgo,dialect,Africa,,
lang1324,Lango (Uganda),laj,language,Africa,2.13867,33.0553
bama1249,Langue de Signes Malienne,bog,language,Africa,12.651,-8.00136
lang1336,Langue des Signes de Bouakako,,language,Africa,8.065846,-3.548218
lang1335,Langue des Signes Zairoise,,language,Africa,-3.6211,17.7887
lank1241,Lankaviri,,dialect,Africa,,
lank1242,Lankpese,,dialect,Africa,,
lara1259,Lara,,dialect,Africa,,
lare1248,Lare,,dialect,Africa,,
lare1247,Laredo,,dialect,Africa,,
lart1238,Larteh,lar,language,Africa,5.9367,-0.07822
laru1238,Laru (Nigeria),lan,language,Africa,10.5756,4.43514
laro1243,Laru (North Sudan),lro,language,Africa,11.3915,30.3824
lass1239,Lassa,,dialect,Africa,,
late1256,Late Egyptian,,dialect,Africa,,
teke1275,Latege,teg,language,Africa,-1.61688,14.8664
njin1242,Lateghe-Nord,,dialect,Africa,,
kate1252,Lateghe-Sud,,dialect,Africa,,
lauj1239,Lau (Jukunoid),,dialect,Africa,,
lauu1246,Lau (Nilotic),,dialect,Africa,,
ldam1238,Ldamtsai,,dialect,Africa,,
lebi1240,Lebir,,dialect,Africa,,
lebo1244,Leboa-Le,,dialect,Africa,,
lebu1234,Lebu Wolof,,language,Africa,14.7456291324,-17.490288
leel1242,Leelau,ldk,language,Africa,9.29145,11.1636
leel1241,Leelim,,dialect,Africa,,
leem1242,Leemo,,dialect,Africa,,
leet1234,Leetugal Niger Fulfulde,,dialect,Africa,,
lefa1242,Lefa,lfa,language,Africa,5.05845,11.114
lega1250,Lega-Mwenga,lgm,language,Africa,-3.39007,28.2621
lega1249,Lega-Shabunda,lea,language,Africa,-3.83196,27.1424
legb1242,Legbo,agb,language,Africa,6.02645,7.98385
legh1238,Leghva,,dialect,Africa,,
leha1242,Lehar,cae,language,Africa,14.9387,-16.8816
lela1244,Lela,,dialect,Africa,,
lele1276,Lele (Chad),lln,language,Africa,9.158,15.81149
lele1265,Lele (Democratic Republic of Congo),lel,language,Africa,-4.94672,20.5674
lele1266,Lele (Guinea),llc,language,Africa,8.98043,-10.371
lele1264,Lelemi,lef,language,Africa,7.34549,0.50746
lema1242,Lema,,dialect,Africa,,
lemb1261,Lembetu,,dialect,Africa,,
lemb1262,Lembue,,dialect,Africa,,
leme1241,Lemel,,dialect,Africa,,
lemo1242,Lemoro,ldj,language,Africa,10.4366,8.70513
lend1245,Lendu,led,language,Africa,2.1898,30.6794
leng1258,Lengola,lej,language,Africa,-1.95874,25.3343
leng1257,Lengue,,dialect,Africa,,
lenj1248,Lenje,leh,language,Africa,-14.7192,28.2581
lenm1234,Len (Mambila),,dialect,Africa,,
leny1238,Lenyima,ldg,language,Africa,6.00131,8.28951
lere1241,Lere,gnh,language,Africa,10.4789,8.93337
lere1242,Lere (Burkina Faso),,dialect,Africa,,
lere1243,Lere (Sayanci),,dialect,Africa,,
lese1243,Lese,les,language,Africa,1.3,29.3
lese1244,Lese Karo,,dialect,Africa,,
lesi1241,Lesia,,dialect,Africa,,
leso1234,Lesotho Sign Language,,language,Africa,-29.36985,27.50772
lete1240,Lete,,dialect,Africa,,
leti1244,Letia,,dialect,Africa,,
leti1245,Leti (Cameroon),leo,language,Africa,4.57457,11.405
leww1238,Lew,,dialect,Africa,,
leya1238,Leya,,dialect,Africa,,
leyi1238,Leyigha,ayi,language,Africa,5.98832,8.20861
liar1238,Liaro,,dialect,Africa,,
libe1247,Liberia Kpelle,xpe,language,Africa,6.92048,-9.96128
gizi1238,Liberian Gizima,,dialect,Africa,,
libi1250,Libido,liq,language,Africa,8.09761,38.4997
libi1244,Libinza,liz,language,Africa,1.97729,18.8886
libi1245,Libisegahun,,dialect,Africa,,
liby1240,Libyan Arabic,ayl,language,Africa,22.0032,15.0014
liby1235,Libyan Sign Language,lbs,language,Africa,29.512,17.573
lich1242,Lichabool-Nalong,,dialect,Africa,,
lien1234,Liengi,,dialect,Africa,,
ligb1243,Ligbeln,,dialect,Africa,,
ligb1244,Ligbi,lig,language,Africa,7.94291,-2.56353
lige1238,Ligenza,lgz,language,Africa,2.86168,22.4936
ligo1238,Ligo,,dialect,Africa,,
ligr1238,Ligri,,dialect,Africa,,
ligu1250,Liguri,,dialect,Africa,,
liji1238,Lijili,mgi,language,Africa,8.52193,8.35562
lika1244,Likaw,,dialect,Africa,,
like1238,Likes-Utsia,,dialect,Africa,,
lika1243,Liko,lik,language,Africa,2.13777,27.6088
liko1248,Likó,,dialect,Africa,,
liko1250,Likolo,,dialect,Africa,,
liko1247,Likoonli,,dialect,Africa,,
liku1242,Likuba,kxx,language,Africa,-1.27931,16.4702
likw1239,Likwala,kwc,language,Africa,-0.48981,16.5967
lila1245,Lila,,dialect,Africa,,
lili1248,Liliga,,dialect,Africa,,
lili1249,Liliká,,dialect,Africa,,
lili1250,Lilikó,,dialect,Africa,,
lili1247,Lilima,,dialect,Africa,,
liuu1238,Lim,,dialect,Africa,,
lima1247,Lima,,dialect,Africa,,
lima1246,Limassa,bme,language,Africa,2.26808,16.1874
limb1268,Limbum,lmp,language,Africa,6.49888,10.78224
limo1247,Limonkpel,,dialect,Africa,,
limp1238,Limpesa,,dialect,Africa,,
lina1244,Linafiel,,dialect,Africa,,
lina1243,Linangmanli,,dialect,Africa,,
lind1246,Linda,,dialect,Africa,,
lind1247,Lindja,,dialect,Africa,,
ling1264,Lingonda,,dialect,Africa,,
lipa1240,Lipanja,,dialect,Africa,,
lipo1239,Lipoto,,dialect,Africa,,
lipt1238,Liptaakoore,,dialect,Africa,,
liss1238,Lissam,,dialect,Africa,,
liti1241,Litime,,dialect,Africa,,
lito1235,Litoka,,dialect,Africa,2.01175,18.80849
liut1238,Liutwa,,dialect,Africa,,
liwe1234,Liwengi,,dialect,Africa,-9.58491,35.12116
liyu1238,Liyuwa,,dialect,Africa,,
loba1239,Lobala,loq,language,Africa,2.04881,18.3667
lobe1242,Lobedu,,dialect,Africa,,
lobe1241,Lober,,dialect,Africa,,
lobi1245,Lobi,lob,language,Africa,9.96122,-3.336
lobo1240,Lobo,,dialect,Africa,,
lodi1234,Lodiya,,dialect,Africa,,
logg1238,Log,,dialect,Africa,,
logb1246,Logbo,,dialect,Africa,,
logi1239,Logir,lqr,dialect,Africa,,
logi1238,Logiri,,dialect,Africa,,
logo1259,Logo,log,language,Africa,3.32608,29.8866
logo1262,Logol,lof,language,Africa,10.98053,31.12359
logo1274,Logone-Birni,,dialect,Africa,,
logo1273,Logone-Gana,,dialect,Africa,,
logo1258,Logooli,rag,language,Africa,0.09487,34.729
logo1261,Logorik,liu,language,Africa,11.1739,29.8053
logo1260,Logotok,,dialect,Africa,,
logr1238,Logremma,,dialect,Africa,,
loha1253,Lohata,,dialect,Africa,,
lohu1234,Lohutok,,dialect,Africa,,
loii1242,Loi (Congo),,dialect,Africa,,
balo1261,Loi-Likila,biz,language,Africa,0.93777,18.1266
loit1238,Loitai,,dialect,Africa,,
loka1252,Lokaa,yaz,language,Africa,5.91483,8.0933
loka1255,Lokai,,dialect,Africa,,
loka1253,Lokalo,,dialect,Africa,,
loka1256,Lokathan,,dialect,Africa,,
loka1254,Lokay,,dialect,Africa,,
loko1255,Loko,lok,language,Africa,9.11838,-12.1583
loko1253,Lokoko,,dialect,Africa,,
loko1254,Lokoya,lky,language,Africa,4.64724,32.26247
loku1238,Lokundu,,dialect,Africa,,
lolo1261,Lolo,llb,language,Africa,-17.0232,35.9451
lolo1260,Lolobi,,dialect,Africa,,
lolo1268,Lolongo,,dialect,Africa,,
lolu1238,Lolue,,dialect,Africa,,
loly1238,Lolya,,dialect,Africa,,
loma1258,Loma (Côte d'Ivoire),loi,language,Africa,9.40172,-3.47051
loma1260,Loma (Liberia),lom,language,Africa,7.91585,-9.69906
lomb1254,Lombi,lmi,language,Africa,0.26796,27.342
lomb1260,Lombo,loo,language,Africa,0.88267,24.6862
lomb1261,Lombooki,,dialect,Africa,,
lomb1259,Lombu,,dialect,Africa,,
lomi1238,Lomiaha,,dialect,Africa,,
lomo1240,Lomotua,,dialect,Africa,,
lomy1239,Lomya,,dialect,Africa,,
lond1243,Londo,,dialect,Africa,,
long1391,Longe-Longe,,dialect,Africa,,
long1390,Longo,,dialect,Africa,,
long1393,Longo (Democratic Republic of Congo),,dialect,Africa,,
long1394,Longolo,,dialect,Africa,,
long1392,Longombe,,dialect,Africa,,
long1388,Longoro,,dialect,Africa,,
long1387,Longto,wok,language,Africa,8.33313,13.0568
long1389,Longuda,lnu,language,Africa,9.75787,11.8378
lonz1238,Lonzo,lnz,dialect,Africa,-4.61444,16.7259
looo1238,Loo,ldo,language,Africa,9.4066,11.0511
lood1234,Loo Dan,,dialect,Africa,,
loof1242,Loofaa,,dialect,Africa,,
loof1241,Loofiyo,,dialect,Africa,,
lopa1238,Lopa,lop,language,Africa,10.3756,4.67396
lopi1242,Lopit,lpx,language,Africa,4.6986,32.7534
lorw1238,Lorwama,,dialect,Africa,,
loso1234,Losongo,,dialect,Africa,,
lota1238,Lotanga,,dialect,Africa,,
loti1239,Lotilla,,dialect,Africa,,
louu1244,Lou (Nilotic),,dialect,Africa,,
louo1238,Louome,,dialect,Africa,,
lovi1238,Lovi,,dialect,Africa,,
lowe1404,Lower Adele,,dialect,Africa,,
lowe1406,Lower Gio,,dialect,Africa,,
lowe1405,Lower Kenyang,,dialect,Africa,,
lowe1407,Lower-Nosop,nsb,language,Africa,-25.54522,20.588827
lowl1272,Lowland Gwama,,dialect,Africa,,
lowu1240,Lowudo,,dialect,Africa,,
lozi1239,Lozi,loz,language,Africa,-17.7052,24.7398
lozo1238,Lozoua,,dialect,Africa,,
luac1241,Luac,,dialect,Africa,,
luac1242,Luac (Southwestern Dinka),,dialect,Africa,,
lual1238,Lualaba Kingwana,,dialect,Africa,,
luan1258,Luangkori,,dialect,Africa,,
luan1259,Luano,,dialect,Africa,,
luba1250,Luba-Katanga,lub,language,Africa,-8.2816,25.8918
luba1249,Luba-Lulua,lua,language,Africa,-5.72717,22.4422
lubi1238,Lubila,kcc,language,Africa,5.46011,8.29204
lubu1245,Lubutu,,dialect,Africa,,
luch1239,Luchazi,lch,language,Africa,-14.0648,22.2437
ludi1247,Ludiopa,,dialect,Africa,,
lufu1237,Lufu,ldq,language,Africa,7.25555,10.9499
lugi1238,Lufumbo,,dialect,Africa,,
lugb1240,Lugbara,lgg,language,Africa,3.02245,30.8642
lugu1238,Luguru,ruf,language,Africa,-6.86828,37.5557
ulud1238,Luhugu,,dialect,Africa,,
luim1238,Luimbi,lum,language,Africa,-11.2221,17.5385
luka1238,Lukasa,,dialect,Africa,,
luko1238,Lukolwe,,dialect,Africa,,
lukp1238,Lukpa,dop,language,Africa,9.51949,1.66954
luku1239,Lukula Suku,,dialect,Africa,,
lull1238,Lul,,dialect,Africa,,
lula1234,Lulama,,dialect,Africa,,
lule1255,Luleke,,dialect,Africa,,
lumb1249,Lumbu,lup,language,Africa,-3.37917,11.124
lumb1248,Lumbu (Ila),,dialect,Africa,,
lumu1239,Lumun,lmd,language,Africa,10.8308,30.253
luna1244,Luna,luj,language,Africa,-5.08693,23.5426
lund1264,Lund,,dialect,Africa,,
lund1266,Lunda,lun,language,Africa,-11.1793,23.8662
lund1267,Lunda Kalunda,,dialect,Africa,,
lund1269,Lunda Kambove,,dialect,Africa,,
lund1268,Lunda Ndembu,,dialect,Africa,,
lund1265,Lundwe,,dialect,Africa,,
lung1252,Lungu,,dialect,Africa,,
lunt1238,Luntu,,dialect,Africa,,
luoc1235,Luo (Cameroon),luw,language,Africa,5.9072,9.91259
luok1236,Luo (Kenya and Tanzania),luo,language,Africa,-0.93296,34.4896
luri1256,Luri,ldd,language,Africa,10.059,9.59745
luss1238,Lus,,dialect,Africa,,
lusa1234,Lusa,,dialect,Africa,,
luse1251,Lusenge,,dialect,Africa,,
luse1252,Lusengo,lse,language,Africa,0.16988,18.3991
luse1253,Lusengo Poto,,dialect,Africa,,
lush1250,Lushangi,,dialect,Africa,,
lush1257,Lushoto,,dialect,Africa,,
luso1235,Lusoba,,dialect,Africa,,
lute1234,Lute,,language,Africa,11.42708,30.10006
luti1242,Lutise,,dialect,Africa,,
luto1241,Lutos,ndy,language,Africa,8.52074,19.0071
luuu1243,Lu (Uganda),,dialect,Africa,,
luun1238,Luunda,,dialect,Africa,,
luva1239,Luvale,lue,language,Africa,-13.5382,22.2924
luvu1238,Luvuma,,dialect,Africa,,
luwa1242,Luwa,,dialect,Africa,,
luwa1243,Luwalasi,,dialect,Africa,,
luwo1239,Luwo,lwo,language,Africa,7.35089,28.1378
luya1241,Luyi,lyn,language,Africa,-15.01,22.67
lwal1238,Lwalu,lwa,language,Africa,-7.16388,22.1097
lwan1234,Lwanzali,,dialect,Africa,-9.3404,35.27635
lwel1234,Lwel,lvl,language,Africa,-4.38475,20.6314
lyco1237,Lycopolitan,,dialect,Africa,,
lyel1241,Lyélé,lee,language,Africa,12.4305,-2.59229
maak1236,Maaka,mew,language,Africa,11.5007,11.9035
maas1239,Maasina Fulfulde,ffm,language,Africa,11.1324,-3.64763
maay1238,Maay,ymm,language,Africa,3.22288,43.6182
maba1270,Mabaale,mmz,language,Africa,2.11942,20.8759
maba1273,Mabaan,mfz,language,Africa,9.81455,33.5404
maba1277,Maba (Chad),mde,language,Africa,12.89147,20.8889
maba1271,Mabahn,,dialect,Africa,,
sunu1238,Maberem,,dialect,Africa,,
mabi1238,Mabi,,dialect,Africa,,
mabi1242,Mabire,muj,language,Africa,11.698,18.6282
mabo1238,Maboko,,dialect,Africa,,
mach1266,Machame,jmc,language,Africa,-3.29385,37.0703
mach1265,Machinga,mvw,language,Africa,-9.37101,39.4268
mada1293,Mada (Cameroon),mxu,language,Africa,10.8806,14.1142
mada1271,Madagascar Sign Language,mzc,language,Africa,-19.04,46.87
mada1283,Madaka,,dialect,Africa,,
mada1282,Mada (Nigeria),mda,language,Africa,9.02294,8.34119
made1252,Ma (Democratic Republic of Congo),msj,language,Africa,3.69351,26.9939
madi1260,Ma'di,mhi,language,Africa,3.62499,31.8471
madi1259,Madimadoko,,dialect,Africa,,
madi1258,Madipia,,dialect,Africa,,
madu1246,Ma'du,,dialect,Africa,,
mafa1239,Mafa,maf,language,Africa,10.943,13.8181
maga1273,Magajingari Sign Language,,language,Africa,11.06693,7.71578
maga1269,Magara,,dialect,Africa,,
magb1238,Magbiambo,,dialect,Africa,,
magh1238,Mághdì,gmd,language,Africa,9.2888,11.0232
mago1246,Magoma,gmx,language,Africa,-9.23498,33.9826
mago1253,Magoumaz,,dialect,Africa,,
maha1297,Mahaa,,dialect,Africa,,
maha1311,Mahafaly,,dialect,Africa,,
maha1309,Mahafaly-Antanalana Malagasy,,language,Africa,-24.2,44.5
maha1296,Mahanji,,dialect,Africa,,
maha1295,Mahas,,dialect,Africa,,
maho1248,Mahongwe,mhb,language,Africa,0.64356,14.0472
maho1249,Mahou,mxx,language,Africa,8.2494,-7.7062
maho1250,Mahouka,,dialect,Africa,,
maih1239,Maiha,,dialect,Africa,,
main1272,Maindo,cwb,language,Africa,-18.3143,36.5941
main1274,Maïngao,,dialect,Africa,,
main1284,Mainland Antankarana,,dialect,Africa,,
maja1242,Majang,mpe,language,Africa,7.71,34.97
maje1243,Majera,xmj,language,Africa,11.1433,15.044
maji1238,Majingai,,dialect,Africa,,
maju1234,Majunga,,dialect,Africa,,
maka1304,Makaa,mcp,language,Africa,4.15471,13.0789
maka1302,Makale,,dialect,Africa,,
maka1325,Makanjaula,,dialect,Africa,-9.52396,34.79638
maka1301,Makaraka,,dialect,Africa,,
maka1322,Makari,,dialect,Africa,,
make1249,Make,,dialect,Africa,,
make1248,Makeke,,dialect,Africa,,
make1250,Makere,,dialect,Africa,,
makh1264,Makhuwa,vmw,language,Africa,-14.8509,38.8052
makh1262,Makhuwa-Marrevone,xmc,language,Africa,-16.9394,39.1203
makh1261,Makhuwa-Meetto,mgh,language,Africa,-11.9553,38.6874
makh1265,Makhuwa-Moniga,mhm,language,Africa,-17.294,38.093
makh1263,Makhuwana,,dialect,Africa,,
makh1266,Makhuwa-Saka,xsq,language,Africa,-13.6443,39.5323
makh1260,Makhuwa-Shirima,vmk,language,Africa,-14.251,36.5249
makn1235,Mak (Nigeria),pbl,language,Africa,9.37299,11.1337
mako1252,Makoda,,dialect,Africa,,
mako1253,Makoma,,dialect,Africa,,
mako1251,Makonde,kde,language,Africa,-10.9906,39.5133
maku1275,Makutana,,dialect,Africa,,
maku1274,Makutu,,dialect,Africa,,
makw1236,Makwe,ymk,language,Africa,-10.4673,40.0274
mala1473,Mala,,dialect,Africa,,
mala1532,Malabu,,dialect,Africa,,
mala1531,Malabu (Bata),,dialect,Africa,,
mala1470,Malal,,dialect,Africa,,
mala1474,Malalulu,,dialect,Africa,,
mala1472,Malamba,,dialect,Africa,,
mala1389,Malanga,,dialect,Africa,,
mala1471,Mala (Nigeria),ruy,language,Africa,10.5776,8.09838
mala1549,Malawian Sign Language,lws,language,Africa,,
mala1256,Malawi Lomwe,lon,language,Africa,-15.56729,35.43347
mala1475,Malawi Sena,swk,language,Africa,-16.6183,34.991
malb1235,Malba Birifor,bfo,language,Africa,9.78465,-2.90623
male1284,Male (Ethiopia),mdy,language,Africa,5.91975,36.9892
male1283,Malele,,dialect,Africa,,
malg1250,Malgbe,mxf,language,Africa,12.5342,14.8475
malg1251,Malgwa,,language,Africa,11.77,13.61
mali1287,Maligo,mwj,language,Africa,-7.93095,15.7421
mali1279,Malila,mgq,language,Africa,-9.16619,33.339
mali1280,Malimba,mzd,language,Africa,3.67696,9.67186
malu1244,Malual,,dialect,Africa,,
molo1258,Malu (Central African Republic),,dialect,Africa,,
mama1272,Mama,mma,language,Africa,8.8062,8.78601
mama1271,Mamara Senoufo,myk,language,Africa,12.4871,-5.28245
mamb1298,Mamba,,dialect,Africa,,
mamb1295,Mamba (Democratic Republic of Congo),,dialect,Africa,,
mamb1294,Mambai,mcs,language,Africa,9.6121,14.0013
mamb1293,Mambe',,dialect,Africa,,
mamb1303,Mambisa,,dialect,Africa,,
mamb1297,Mambwe,,dialect,Africa,,
mamb1296,Mambwe-Lungu,mgr,language,Africa,-8.86817,31.2269
mamn1243,Mamna'a,,dialect,Africa,,
mamp1245,Mampoko,,dialect,Africa,,
mamp1244,Mampruli,maw,language,Africa,10.3884,-0.74675
mamv1243,Mamvu,mdi,language,Africa,2.68167,28.9862
mann1247,Man,,dialect,Africa,,
mana1289,Managobla,,dialect,Africa,,
mana1304,Manala,,dialect,Africa,,
mana1290,Manang,,dialect,Africa,,
mana1292,Manangeer,,dialect,Africa,,
mana1291,Manawadji,,dialect,Africa,,
mand1478,Manda,,dialect,Africa,,
mand1429,Mandaba,,dialect,Africa,,
mand1428,Mandala,,dialect,Africa,,
mand1423,Manda-Matumba,mgs,language,Africa,-10.3991,34.7424
mand1425,Mandari,mqu,language,Africa,5.83656,31.2327
mand1421,Manda (Venda),,dialect,Africa,,
mand1420,Mandiakuy,,dialect,Africa,,
mand1436,Mandinka,mnk,language,Africa,12.8165233333,-15.6539466667
mand1419,Mandjak,mfv,language,Africa,12.829,-15.9217
mand1422,Mandla,,dialect,Africa,,
mand1438,Mando,,dialect,Africa,,
mand1427,Mandura,,dialect,Africa,,
mand1426,Mandura-Dibate-Metemma,,dialect,Africa,,
mane1239,Mane,,dialect,Africa,,
mane1262,Manehas,,dialect,Africa,,
mang1400,Manga,,dialect,Africa,,
mang1399,Manga-Dagera Kanuri,kby,language,Africa,13.557,10.701
mang1391,Manganja,,dialect,Africa,,
mang1417,Mangar,,language,Africa,9.068012,8.73608
mang1416,Mangas,zns,language,Africa,10.0839,9.76103
mang1387,Mangayat,myj,language,Africa,8.38023,25.9024
mang1394,Mangbetu,mdj,language,Africa,2.5511,27.0712
mang1396,Mangbutu,mdk,language,Africa,2.74779,29.7358
mang1397,Mang (Chad),,dialect,Africa,,
mang1389,Mangehele,,dialect,Africa,,
mang1364,Mangio,,language,Africa,,
mang1386,Mang (Nigeria),,dialect,Africa,,
mang1398,Mango,mge,language,Africa,8.75884,16.9082
mang1390,Mangoche,,dialect,Africa,,
mang1422,Mangree,,language,Africa,,
mang1388,Mangum,,dialect,Africa,,
mani1306,Manicaland Zimbabwe Sign,,dialect,Africa,,
mani1294,Manigri-Kambolé Ede Nago,xkb,language,Africa,8.83338,1.69523
ulub1244,Manjiya,,dialect,Africa,,
mank1254,Mankaliya,,dialect,Africa,,
mank1251,Mankanya,knf,language,Africa,12.2615066667,-15.74389
mank1252,Mankim,,dialect,Africa,,
mank1253,Mankon,,dialect,Africa,,
mann1248,Mann,mev,language,Africa,7.04616,-8.86405
mans1267,Mansa',,dialect,Africa,,
mans1259,Mansoanka,msw,language,Africa,12.8218,-15.9202
mant1267,Manta,myg,language,Africa,6.0213,9.59489
many1261,Manya,mzj,language,Africa,8.56186,-9.44257
many1259,Manyawa,mny,language,Africa,-16.4963,36.8459
many1258,Manyika,mxc,language,Africa,-18.1927,32.8052
many1260,Manyok,,dialect,Africa,,
manz1243,Manza,mzv,language,Africa,6.51218,18.7935
manz1244,Manzala,,dialect,Africa,,
maoo1244,Mao,,dialect,Africa,,
maor1245,Maore,,dialect,Africa,,
maor1244,Maore Comorian,swb,language,Africa,-12.830306,45.154942
mapa1243,Mapanga,,dialect,Africa,,
mara1389,Maraba,,dialect,Africa,,
mara1395,Mara (Central Sudanic),,dialect,Africa,,
mara1394,Maracha,,dialect,Africa,,
mara1393,Marachi,lri,language,Africa,0.34,34.22
mara1390,Marale,,dialect,Africa,,
mara1392,Marama,lrm,language,Africa,0.19,34.49
mara1413,Mara (Malgbe),,dialect,Africa,,
mara1391,Marangu,,dialect,Africa,,
mara1388,Marara,,dialect,Africa,,
mara1396,Mararit,mgb,language,Africa,14.087,21.6408
marb1239,Marba,mpg,language,Africa,9.54,15.8
mard1244,Marda,,dialect,Africa,,
mare1260,Marenje,vmr,language,Africa,-16.2129,35.7425
mare1257,Marensé,,dialect,Africa,,
marf1238,Marfa,mvu,language,Africa,13.1568,20.7882
marg1265,Marghi Central,mrt,language,Africa,10.93854,13.0521
marg1266,Marghi South,mfm,language,Africa,10.53854,12.99521
mark1256,Marka,rkm,language,Africa,12.7178,-3.58355
mark1254,Marke,,dialect,Africa,,
mark1255,Markweeta,enb,language,Africa,1.15018,35.5866
mark1258,Markweta-Chesongoch,,dialect,Africa,,
maro1243,Maroua Fulfulde,,dialect,Africa,,
marr1264,Marrakech,,dialect,Africa,,
marr1260,Marry,,dialect,Africa,,
mary1234,Marya Qayah,,dialect,Africa,,
mary1235,Marya Sallam,,dialect,Africa,,
masa1299,Masaaba,myx,language,Africa,1.05906,34.2829
masa1300,Masai,mas,language,Africa,-3.1419,36.4573
masa1302,Masakin Gusar,,dialect,Africa,,
masa1303,Masakin Tuwal,,dialect,Africa,,
masa1295,Masaku,,dialect,Africa,,
nucl1440,Masalit,mls,language,Africa,13.2733,22.1752
masa1296,Masama,,dialect,Africa,,
masa1322,Masana,mcn,language,Africa,10.0606,15.4748
mase1248,Masemola,,dialect,Africa,,
mase1251,Masev-Hyarev,,dialect,Africa,,
masf1235,Masfeima,,dialect,Africa,,
mash1273,Mashalit,,dialect,Africa,,
mash1265,Mashasha,,dialect,Africa,,
mash1266,Mashati,,dialect,Africa,,
mash1268,Mashi,,dialect,Africa,,
mash1269,Mashi (Nigeria),jms,language,Africa,6.91719,10.2778
mash1267,Mashi (Zambia),mho,language,Africa,-16.7256,22.5983
mash1272,Mashonaland Zimbabwe Sign,,dialect,Africa,,
masi1268,Masikoro Malagasy,msh,language,Africa,-22.5582,43.8156
masi1273,Masikoro-Miary,,dialect,Africa,,
masi1263,Masingbi,,dialect,Africa,,
masl1241,Maslam,msv,language,Africa,12.1918,14.8873
masm1239,Masmaje,mes,language,Africa,13.076,19.2769
mass1267,Massagal,,dialect,Africa,,
mass1262,Massalat,mdg,language,Africa,13.5157,19.7348
mass1261,Massaninga,,dialect,Africa,,
mass1268,Massawa,,dialect,Africa,,
masv1236,Masvingo School Sign,,dialect,Africa,,
mata1306,Matal,mfh,language,Africa,10.9284,14.0474
mata1313,Matambwe,wtb,dialect,Africa,,
mata1283,Matapo,,dialect,Africa,,
mate1257,Mate,,dialect,Africa,,
mate1262,Matebeleland Zimbabwe Sign,,dialect,Africa,,
mate1258,Matengo,mgv,language,Africa,-11.554,35.0056
mate1256,Materi,,dialect,Africa,,
math1238,Mathira,,dialect,Africa,,
matl1257,Matlala-Moletshi,,dialect,Africa,,
mato1251,Matondoni,,dialect,Africa,,
matu1257,Matumba,,dialect,Africa,,
matu1259,Matumbi,mgw,language,Africa,-8.53734,39.0409
maty1235,Matya Samo,stj,language,Africa,13.1027,-3.25128
maur1242,Mauritian Creole,,dialect,Africa,,
maur1240,Mauritian Sign Language,lsy,language,Africa,-20.166667,57.516667
mavi1238,Maviha,,dialect,Africa,,
mavo1238,Mavoumay,,dialect,Africa,,
mawa1270,Mawa (Chad),mcw,language,Africa,11.7461,18.2999
mawa1236,Mawa (Nigeria),wma,language,Africa,10.8527,9.72407
maxi1236,Maxi Gbe,mxl,language,Africa,7.57292,1.78181
maia1240,Mayak,,dialect,Africa,,
maya1281,Maya Samo,sym,language,Africa,13.1811,-2.72732
maye1238,Mayeka,myc,dialect,Africa,4.0,24.0
mayo1279,Mayo Djarendi-Mandi,,dialect,Africa,,
mayo1261,Mayogo,mdm,language,Africa,2.79827,27.8282
mayu1240,Mayu,,dialect,Africa,,
maza1303,Mazagwa,,dialect,Africa,,
maza1304,Mazagway,dkx,language,Africa,10.175,13.6873
mbaa1245,Mba,mfc,language,Africa,1.06885,25.143
mbaa1250,Mbaaru,,dialect,Africa,,
mbad1234,Mbadja,,dialect,Africa,,
mbag1238,Mbagani,,dialect,Africa,,
mbah1238,Mbah,,dialect,Africa,,
mbai1249,Mbai,,dialect,Africa,,
mbai1247,Mbai (Northwest Gbaya),,dialect,Africa,,
mbai1248,Mbaise,,dialect,Africa,,
mbak1242,Mbaka,,dialect,Africa,,
mbal1257,Mbala,mdp,language,Africa,-5.11888,18.041
mbal1262,Mbalanhu,,dialect,Africa,,
mbal1256,Mbale,,dialect,Africa,,
mbal1258,Mballa,,dialect,Africa,,
mbal1261,Mbalundu,,dialect,Africa,,
mbam1255,Mbamaka-Tapi,,dialect,Africa,,
mbam1248,Mbamba,,dialect,Africa,,
mban1265,Mbandieru,,dialect,Africa,,
mban1263,Mbandja,zmz,language,Africa,3.98003,19.4455
mban1266,Mbang,,dialect,Africa,,
mban1264,Mbangala,mxg,language,Africa,-9.15592,17.4086
mban1262,Mbangi,mgn,language,Africa,4.69967,22.06451
mban1268,Mbangwe,zmn,language,Africa,-2.28729,13.5956
mbar1262,Mbar,,dialect,Africa,,
mbar1260,Mbara (Chad),mpk,language,Africa,10.91,15.54
mbar1255,Mbaru,,dialect,Africa,,
mbat1250,Mbat,,dialect,Africa,,
mbat1248,Mbati,mdn,language,Africa,3.94184,17.7529
mbat1249,Mbati of Mbaïki,,dialect,Africa,,
mbat1251,Mbat (Nigeria),,dialect,Africa,,
mbat1247,Mbato,gwa,language,Africa,5.34421,-3.70421
mbay1241,Mbay,myb,language,Africa,8.23066,15.7328
mbee1249,Mbe,mfo,language,Africa,6.57067,8.82998
mbee1250,Mbe',mtk,language,Africa,6.25838,11.0906
mbed1242,Mbedam,xmd,language,Africa,10.466,13.9322
mbed1238,Mbedzi,,dialect,Africa,,
mbee1248,Mbeere,,dialect,Africa,,
mbec1238,Mbeki Ajiri,,dialect,Africa,,
mbel1241,Mbele-Cenga-Bonjo,,dialect,Africa,,
mbel1240,Mbelime,mql,language,Africa,10.4532,0.95645
mber1261,Mberem,,dialect,Africa,,
mber1257,Mbere-Mbamba,mdt,language,Africa,-0.477445,14.2877
mber1254,Mbere (Mboum),,dialect,Africa,,
mber1255,Mbere (Northwest Gbaya),,dialect,Africa,,
mbes1238,Mbesa,zms,language,Africa,1.6207,22.8389
mbes1239,Mbessa,emz,language,Africa,6.31,10.407
mbii1238,Mbi,,dialect,Africa,,
mbib1238,Mbibji,,dialect,Africa,,
mbid1238,Mbida-Bani,,dialect,Africa,,
mbil1239,Mbila,,dialect,Africa,,
mbin1238,Mbinga,,dialect,Africa,,
mbir1238,Mbire,,dialect,Africa,,
mbiz1238,Mbizenaku,,dialect,Africa,,
mbob1238,Mbobyeng,,dialect,Africa,,
mboc1235,Mbo (Cameroon),mbo,language,Africa,5.13981,9.92766
mbod1238,Mbo (Democratic Republic of Congo),zmw,language,Africa,1.11602,28.018
mboi1246,Mboi,moi,language,Africa,9.86954,12.545
mbok1242,Mboka,,dialect,Africa,,
mbok1243,Mboko,mdu,language,Africa,0.43541,14.7935
mbol1247,Mbole,mdq,language,Africa,-0.57181,24.0443
mbol1248,Mbololo,,dialect,Africa,,
mbon1252,Mbonga,xmb,language,Africa,5.7517,13.6471
mbon1250,Mbonge,,dialect,Africa,,
mbon1253,Mbongno,bgu,language,Africa,6.82543,11.1316
mbon1251,Mbonjoku,,dialect,Africa,,
mbos1242,Mbosi,mdw,language,Africa,-1.23019,15.5322
mbot1238,Mboto,,dialect,Africa,,
mbou1244,Mboum,,dialect,Africa,,
segu1238,Mbour,,dialect,Africa,,
mbou1245,Mbour Sign Language,,language,Africa,14.420649,-16.970045
mbow1246,Mbowe,mxo,language,Africa,-14.2941,23.9819
mbow1244,Mbowela,,dialect,Africa,,
mbre1244,Mbre,mka,language,Africa,8.20929,-5.72944
mbre1245,Mbre (Banda-Mbres),,dialect,Africa,,
mbre1246,Mbrerewi,,dialect,Africa,,
mbug1240,Mbugu,mhd,language,Africa,-4.72863,38.3519
mbug1242,Mbugwe,mgz,language,Africa,-3.75763,35.8133
mbuk1244,Mbuk,bpc,language,Africa,6.535575,10.415141
mbuk1243,Mbuko,mqb,language,Africa,10.7788,14.1677
mbuk1240,Mbukushu,mhw,language,Africa,-17.6827,22.5026
mbul1261,Mbula (Atlantic-Congo),,dialect,Africa,,
mbul1260,Mbula-Bwazza,mbu,language,Africa,9.60769,12.2439
mbul1262,Mbule,mlb,language,Africa,4.50635,10.9924
mbul1259,Mbuli,,dialect,Africa,,
mbul1258,Mbulungish,mbv,language,Africa,10.8553,-14.7372
mbum1254,Mbum,mdd,language,Africa,7.5789,14.2722
mbum1255,Mbumi,,dialect,Africa,,
mbun1249,Mbunda,mck,language,Africa,-14.603,21.9768
mbun1248,Mbunga,mgy,language,Africa,-8.19661,36.5362
mbur1239,Mburku,bbt,language,Africa,10.9276,9.81365
mbut1238,Mbutu,,dialect,Africa,,
mpuo1241,Mbuun,zmp,language,Africa,-5.21134,19.4269
mbwa1238,Mbwaanz,,dialect,Africa,,
mbwe1238,Mbwela,mfu,language,Africa,-13.3267,18.2243
mbwi1238,Mbwila,,dialect,Africa,,
mbya1238,Mbyam,,dialect,Africa,,
mdun1238,Mdundulu,,dialect,Africa,,
mech1243,Mecha,,dialect,Africa,,
mede1238,Medefidrin,dmf,language,Africa,,
medi1249,Mediak,mwx,language,Africa,-2.780485,36.59766
ling1242,Mediterranean Lingua Franca,pml,language,Africa,33.8613,10.8531
medo1241,Medo,,dialect,Africa,,
medo1242,Medogo,,dialect,Africa,,
medu1238,Medumba,byv,language,Africa,5.10901,10.6118
meek1238,Meeka,,dialect,Africa,,
meen1242,Me'en,mym,language,Africa,6.63207,35.6255
mefe1242,Mefele,mfj,language,Africa,10.677,13.8201
mein1238,Mein,,dialect,Africa,,
meje1239,Meje,,dialect,Africa,,
mela1253,Melan So,,dialect,Africa,,
mele1249,Mèlè (Central African Republic),,dialect,Africa,,
mele1248,Melete,,dialect,Africa,,
melo1242,Melo,mfx,language,Africa,6.53916,36.811
melo1244,Melokwo,,dialect,Africa,,
melo1241,Melong,,dialect,Africa,,
memb1238,Membi,,dialect,Africa,,
befa1241,Menchum,bby,language,Africa,6.27562,10.0342
mend1262,Mendankwe,,dialect,Africa,,
mend1261,Mendankwe-Nkwen,mfd,language,Africa,6.00034,10.2307
mend1266,Mende (Sierra Leone),men,language,Africa,7.90935,-10.9926
mene1239,Menemo,,dialect,Africa,,
meng1264,Mengaka,xmg,language,Africa,5.71399,10.3377
meng1263,Mengisa,mct,dialect,Africa,4.5932,11.3947
meng1265,Mengum,,dialect,Africa,,
menk1238,Menka,mea,language,Africa,5.94639,9.69161
meny1244,Menya (Uganda),,dialect,Africa,,
menz1238,Menzime,,dialect,Africa,,
merr1238,Mer (Bench),,dialect,Africa,,
mere1241,Méré,,dialect,Africa,,
mere1247,Mereic Gula,,dialect,Africa,,
mere1246,Merey,meq,language,Africa,10.7458,14.09
meri1243,Merina,,dialect,Africa,,
mirr1240,Mernyang,,dialect,Africa,,
mero1237,Meroitic,xmr,language,Africa,16.9333,33.7333
meru1245,Meru,mer,language,Africa,0.26484,37.7396
mesi1242,Mesise,,dialect,Africa,,
mesm1239,Mesme,zim,language,Africa,9.28888,15.7018
mesm1243,Mesmes,mys,language,Africa,7.53825,37.5742
mesq1240,Mesqan,mvz,language,Africa,8.10617,38.3386
takp1245,Messeni,,dialect,Africa,,
meta1238,Meta',mgo,language,Africa,5.88942,9.87416
meta1239,Metalsa,,dialect,Africa,,
mete1238,Metemma,,dialect,Africa,,
metm1234,Metmata,,dialect,Africa,,
mezi1238,Mezimko,,dialect,Africa,,
mfee1238,Mfe,,dialect,Africa,,
mfen1238,Mfengu,,dialect,Africa,,
mfin1238,Mfinu,zmf,language,Africa,-4.26573,16.2559
mfuo1234,Mfuome,,dialect,Africa,,
mgao1238,Mgao,,dialect,Africa,,
obos1238,Mgbenege,,dialect,Africa,,
mgbo1238,Mgbo,gmz,dialect,Africa,,
mhar1238,Mhari,,dialect,Africa,,
miam1251,Miamu,,dialect,Africa,,
mica1242,Micari,,dialect,Africa,,
midd1332,Middle Egypt,,dialect,Africa,,
midd1369,Middle Egyptian,,dialect,Africa,,
midl1242,Midlands Zimbabwe Sign,,dialect,Africa,,
mido1240,Midob,mei,language,Africa,14.789,27.2236
mids1243,Mid-Southern Banda,bjo,language,Africa,5.87893,22.4666
mien1244,Mienge,,dialect,Africa,,
miga1249,Migaama,mmy,language,Africa,12.2367,18.9614
miis1236,Miisiirii,,language,Africa,14.16,22.69
miju1244,Mìjuu,,dialect,Africa,,
mika1256,Mikaya-Bambengangale-Baluma,,language,Africa,1.488279,15.951762
mike1243,Mikea,,dialect,Africa,,
mike1238,Mikebwe,,dialect,Africa,,
mike1242,Mikere,,dialect,Africa,,
milt1241,Miltu,mlj,language,Africa,10.2347,17.4126
mimi1240,Mimi-Gaudefroy,,language,Africa,13.827507,21.11324
mimi1245,Mi Mijivin,,dialect,Africa,,
mimi1241,Mimi-Nachtigal,,language,Africa,14.302046,20.724106
mina1276,Mina (Cameroon),hna,language,Africa,10.38053,13.84054
mind1254,Minda,,dialect,Africa,,
mund1334,Mindat,mmf,language,Africa,9.15151,8.76875
mind1262,Mindéra,,dialect,Africa,,
mine1239,Mineo,,dialect,Africa,,
ming1254,Mingang Doso,mko,language,Africa,9.25942,11.295
mini1259,Minifire,,dialect,Africa,,
minn1249,Minna,,dialect,Africa,,
minu1238,Minungo,,dialect,Africa,,
mire1238,Mire,mvh,language,Africa,9.69132,16.9932
miri1267,Miri,,dialect,Africa,,
mish1244,Miship,mjs,language,Africa,9.20477,9.33752
mish1242,Mishulundu,,dialect,Africa,,
miss1255,Missong,,dialect,Africa,,
mitt1253,Mittu,mwu,language,Africa,7.45616,29.0002
mitu1240,Mituku,zmq,language,Africa,-1.57031,25.104
miut1238,Miutini,,dialect,Africa,,
mixi1241,Mixifore,mfg,language,Africa,10.6822,-14.385
miya1266,Miya,mkf,language,Africa,10.9234,9.71505
miyo1238,Miyobe,soy,language,Africa,9.94366,1.33302
miza1238,Miza,,dialect,Africa,,
mizu1238,Mizulo,,dialect,Africa,,
mkuu1238,Mkuu,,dialect,Africa,,
mkwe1238,Mkwet,,dialect,Africa,,
mlal1234,Mlalo,,dialect,Africa,,
mlom1238,Mlomp,mlo,language,Africa,12.8318,-16.5383
mmaa1238,Mmaala,mmu,language,Africa,4.52188,11.0599
mman1238,Mmani,,dialect,Africa,,
mmen1238,Mmen,bfm,language,Africa,6.43213,10.2541
mmok1234,Mmok,,dialect,Africa,,
moba1244,Moba,mfq,language,Africa,10.9496,0.159565
mowo1238,Mobar,,dialect,Africa,,
mobo1238,Mobou,,dialect,Africa,,
mobu1235,Mobumrin Aizi,ahm,language,Africa,5.26847,-4.47303
moch1256,Mochi,old,language,Africa,-3.33743,37.3357
modd1238,Mod,,dialect,Africa,,
moda1242,Mo'da,gbn,language,Africa,6.1463,29.7355
mode1250,Modea,,dialect,Africa,,
mode1249,Modele,,dialect,Africa,,
mode1269,Modele-Ushaku,,dialect,Africa,,
modi1234,Modin,,dialect,Africa,,
modo1248,Modo,,dialect,Africa,,
moee1234,Mo'e,,dialect,Africa,,
mofu1248,Mofu-Gudur,mif,language,Africa,10.567,14.0314
mofu1251,Mofu-Gudur Sign Language,,language,Africa,11.0,14.5
moga1246,Mogana,,dialect,Africa,,
moga1247,Moganda,,dialect,Africa,,
moga1248,Mogareb,,dialect,Africa,,
mogh1246,Moghamo,,dialect,Africa,,
mogu1251,Mogum,mou,language,Africa,11.5199,18.6082
mogu1253,Mogum Déle,,dialect,Africa,,
mogu1254,Mogum Diguimi,,dialect,Africa,,
mogu1252,Mogum Urmi,,dialect,Africa,,
moic1236,Moi (Congo),mow,language,Africa,-1.72413,16.4556
moin1241,Moingi,mwz,language,Africa,1.20615,23.5035
moit1238,Moitanik,,dialect,Africa,,
moki1243,Mokilko,,dialect,Africa,,
moko1255,Mokola,,dialect,Africa,,
moko1243,Mokole,mkl,language,Africa,11.0438,3.05998
moko1256,Mokolo,,dialect,Africa,,
moko1254,Mokong,,dialect,Africa,,
mokp1238,Mokpa,,language,Africa,-0.17411,25.6661
mokp1239,Mokpwe,bri,language,Africa,4.24178,9.23887
mole1238,Molengue,bxc,language,Africa,1.3718,9.61289
moli1246,Moliba,,dialect,Africa,,
molo1257,Molo,zmo,language,Africa,10.793,33.5677
molo1266,Moloko,mlw,language,Africa,10.7933,14.2521
molo1259,Molo (Nyamusa-Molo),,dialect,Africa,,
molu1244,Molunga,,dialect,Africa,,
momb1253,Mombe,,dialect,Africa,,
momb1254,Mombo Dogon,dmb,language,Africa,14.376155,-3.664799
momi1243,Momi Bati,,dialect,Africa,,
momi1241,Momi Yadim,,dialect,Africa,,
momj1237,Mom Jango,ver,language,Africa,8.8658,12.7473
nucl1355,Mom Jango of Dan Wumba,,dialect,Africa,,
momv1238,Momveda,,dialect,Africa,,
mond1270,Mondai,,dialect,Africa,,
mond1263,Mondo,,dialect,Africa,,
mond1264,Mondogossou,,dialect,Africa,,
mong1337,Mongala Poto,,dialect,Africa,,
mong1334,Mongbapele,,dialect,Africa,,
mong1338,Mongo,lol,language,Africa,-1.54228,20.4259
mong1345,Mongoba-Kazibati,,language,Africa,2.80983,29.5637
mong1340,Mongo (Daju),,dialect,Africa,,
mong1339,Mongo (Kuranko),,dialect,Africa,,
mong1336,Mongo (Lusengo),,dialect,Africa,,
moni1259,Monia,,dialect,Africa,,
monj1234,Monja,,dialect,Africa,,
monk1234,Monkin,,dialect,Africa,,
mono1269,Mono (Cameroon),mru,language,Africa,8.78372,14.2254
mono1270,Mono (Democratic Republic of Congo),mnh,language,Africa,4.57915,19.8264
mono1279,Monogoy,,dialect,Africa,,
mont1280,Montol,mtl,language,Africa,9.01778,9.65014
monz1250,Monzamboli,,dialect,Africa,,
monz1249,Monzombo,moj,language,Africa,3.19008,18.5129
mooo1239,Moo,gwg,language,Africa,9.44081,11.204
moom1238,Mooma,,dialect,Africa,,
moon1238,Moonde,,dialect,Africa,,
morb1238,Morbo,,dialect,Africa,,
more1254,Moreb,,dialect,Africa,,
mori1266,Morie,,dialect,Africa,,
mori1277,Moriko,,dialect,Africa,,
mori1278,Morisyen,mfe,language,Africa,-20.2613,57.5517
moro1285,Moro,mor,language,Africa,10.9194,30.2138
moro1292,Moroccan Arabic,ary,language,Africa,32.5,-7.5
moro1242,Moroccan Sign Language,xms,language,Africa,32.139,-7.69607
moro1284,Morokodo,mgc,language,Africa,5.5103,30.0229
moro1281,Morom,bdo,language,Africa,12.14611,17.64653
moro1280,Moronou,,dialect,Africa,,
moru1253,Moru,mgd,language,Africa,5.1232,30.3287
moru1251,Moruba,,dialect,Africa,,
moru1254,Moruwa'di,,dialect,Africa,,
mosi1246,Mosieno,,dialect,Africa,,
moss1236,Mossi,mos,language,Africa,11.95,-1.32
temb1272,Motembo-Kunda,tmv,language,Africa,2.0246,20.36849
moti1240,Motiem,,dialect,Africa,,
motm1238,Moto-Mar,,dialect,Africa,,
moug1238,Mougo,,dialect,Africa,,
mova1237,Mowar,,dialect,Africa,,
moye1235,Moye,,dialect,Africa,,
moyo1239,Moyo,,dialect,Africa,,
moza1251,Mozambican Ngoni,xnq,language,Africa,-12.923,38.892
moza1235,Mozambican Sign Language,mzy,language,Africa,-19.811,34.613
lomw1241,Mozambique Lomwe,ngl,language,Africa,-16.0381,37.2437
mpad1242,Mpade,mpi,language,Africa,12.561391,14.446893
mpak1240,Mpaka,,dialect,Africa,,
mpam1239,Mpama,,language,Africa,-0.739203,17.685662
mpam1238,Mpama (Mongo),,dialect,Africa,,
mpie1238,Mpiemo,mcx,language,Africa,3.45776,15.5246
mpii1240,Mpiin,,dialect,Africa,,
mpin1234,Mpinda,pnd,language,Africa,-10.76,13.72
mpoo1238,Mpo,,dialect,Africa,,
mpom1238,Mpomam,,dialect,Africa,,
mpon1252,Mpondo,,dialect,Africa,,
mpon1251,Mpondomise,,dialect,Africa,,
mpon1254,Mpongmpong,mgg,language,Africa,3.14015,14.866
mpon1253,Mpongo,,dialect,Africa,,
mpon1255,Mpongwe,,dialect,Africa,,
mpot1240,Mpoto,mpa,language,Africa,-11.13767,34.71269
mpra1235,Mpra,,language,Africa,8.867,-1.25
mpus1238,Mpus,,dialect,Africa,,
mput1234,Mput,,dialect,Africa,,
mpuu1242,Mpuun,,dialect,Africa,,
mpye1238,Mpyemo,,dialect,Africa,,
mrim1238,Mrima,,dialect,Africa,,
mser1242,Mser,kqx,language,Africa,11.9765,15.0373
mtez1238,Mtezi,,dialect,Africa,,
mubi1246,Mubi,mub,language,Africa,12.6893,19.5902
mufu1234,Mufu,,dialect,Africa,,
mufw1238,Mufwa,,dialect,Africa,,
muga1242,Mugange,,dialect,Africa,,
mugh1243,Mughaja,,dialect,Africa,,
mugu1242,Muguji,,dialect,Africa,,
muhe1234,Muher,,dialect,Africa,,
muhu1242,Muhulu,,dialect,Africa,,
muhu1241,Muhura,,dialect,Africa,,
muku1240,Mukula (Zambia),,dialect,Africa,,
muku1242,Mukulu,moz,language,Africa,11.8644,18.1822
mule1238,Mulenge,,dialect,Africa,,
mulo1238,Mulonga,,dialect,Africa,,
muly1238,Mulyen,,dialect,Africa,,
mumo1239,Mumoni,,dialect,Africa,,
nucl1240,Mumuye,mzm,language,Africa,8.90347,11.71545
mund1340,Mundabli,,dialect,Africa,,
mund1328,Mundabli-Mufu,boe,language,Africa,6.59969,10.2704
mund1325,Mundang,mua,language,Africa,9.83195,14.4751
mund1327,Mundani,mnf,language,Africa,5.68073,9.91533
mund1326,Mündü,muh,language,Africa,4.22755,29.9967
mund1341,Mundum,,dialect,Africa,,
mung1268,Munga,,dialect,Africa,,
mung1266,Mungaka,mhk,language,Africa,5.89752,10.0294
mung1275,Mungba,,dialect,Africa,,
abar1238,Mungbam,mij,language,Africa,6.5805,10.2267
mung1265,Mungo,,dialect,Africa,,
mung1267,Mungong,,dialect,Africa,,
munj1246,Munjuk-Nord,,dialect,Africa,,
munj1247,Munjuk-Sud,,dialect,Africa,,
munk1244,Munken,,dialect,Africa,,
muny1242,Munyo,,dialect,Africa,,
mupu1234,Mupun,,dialect,Africa,,
mura1277,Mura,,dialect,Africa,,
mura1270,Murasi,,dialect,Africa,,
murl1244,Murle,mur,language,Africa,6.69756,33.988
murr1262,Murru,,dialect,Africa,,
murs1242,Mursi,muz,language,Africa,5.69801,36.0971
muru1267,Murugu,,dialect,Africa,,
muru1268,Murum,,dialect,Africa,,
musa1264,Musaia,,dialect,Africa,,
muse1242,Musey,mse,language,Africa,9.81612,15.4115
musg1253,Musgoi,,dialect,Africa,,
musg1254,Musgu,mug,language,Africa,10.8439,15.1065
mush1239,Mushere,,dialect,Africa,,
mush1238,Mushungulu,xma,dialect,Africa,0.00689,42.6626
musk1256,Muskum,mje,language,Africa,11.5697,15.4113
musu1242,Musukotwani,,dialect,Africa,,
musu1241,Musumb,,dialect,Africa,,
musu1240,Musunye,,dialect,Africa,,
muth1242,Muthambi,,dialect,Africa,,
muti1238,Mutidi,,dialect,Africa,,
mutu1251,Muturami,,dialect,Africa,,
mutu1250,Muturuwa,,dialect,Africa,,
muya1243,Muyang,muy,language,Africa,10.86047,14.21246
muzu1238,Muzuk,,dialect,Africa,,
mvae1238,Mvae,,dialect,Africa,,
mvan1238,Mvano,mcj,language,Africa,6.75724,11.1843
mvet1238,Mvete,,dialect,Africa,,
mvit1238,Mvita,,dialect,Africa,,
mvog1242,Mvog-Niengue,,dialect,Africa,,
mvub1239,Mvuba,mxh,language,Africa,0.7398,29.6656
mvum1238,Mvumbo,,dialect,Africa,,
mwag1236,Mwaghavul,sur,language,Africa,9.47205,8.96522
mwal1237,Mwali Comorian,wlc,language,Africa,-12.3164,43.741
mwam1244,Mwamba,,dialect,Africa,,
mwam1246,Mwambong,,dialect,Africa,,
mwam1245,Mwamenam,,dialect,Africa,,
mwan1250,Mwan,moa,language,Africa,7.87533,-5.94577
mwan1248,Mwanda,,dialect,Africa,,
mwan1247,Mwani,wmw,language,Africa,-12.5821,40.4601
mwan1249,Mwani (Haya),,dialect,Africa,,
mwen1238,Mwenyi,,dialect,Africa,-14.73379,22.45046
mwer1248,Mwera (Chimwera),mwe,language,Africa,-9.75639,38.8762
mwer1247,Mwera (Nyasa),mjh,language,Africa,-11.3304,34.8959
mwer1249,Mweri,,dialect,Africa,,
mwes1234,Mwesa,,language,Africa,0.086134,13.30037
mwib1234,Mwibara,,dialect,Africa,,
mwik1238,Mwika (Vunjo),,dialect,Africa,,
mwil1238,Mwila,,dialect,Africa,,
mwim1242,Mwimbi,,dialect,Africa,,
mwim1241,Mwimbi-Muthambi,mws,language,Africa,-0.11968,37.5939
mwin1241,Mwini,,dialect,Africa,0.93435,43.56061
mwom1234,Mwomo Shilluk,,dialect,Africa,,
myen1241,Myene,mye,language,Africa,-1.48741,9.50247
naab1242,Naaban,,dialect,Africa,,
naan1239,Naan,,dialect,Africa,,
naba1253,Naba,mne,language,Africa,12.7868,18.0777
naba1252,Nabanj,,dialect,Africa,,
nabi1240,Nabit,,language,Africa,10.857778,-0.671111
nafa1257,Nafãã,,dialect,Africa,,
nafa1259,Nafana,,dialect,Africa,,
nafa1258,Nafanan,nfr,language,Africa,8.00522,-2.51001
nafa1256,Nafara,,dialect,Africa,,
nafu1238,Nafusi,jbn,language,Africa,31.93488,11.78231
naga1400,Naga (Balanta),,dialect,Africa,,
nagb1238,Nagbanmba,,dialect,Africa,,
nagu1244,Nagumi,ngv,language,Africa,8.7162,13.4264
nagh1239,Nagʿ Ḥammādi–South of Gina,,dialect,Africa,,
naha1263,Naharra,,dialect,Africa,,
nain1239,Naindin,,dialect,Africa,,
nadj1238,Najamba,,dialect,Africa,,
bond1248,Najamba-Kindige,dbu,language,Africa,14.9066,-3.32636
naki1238,Naki,mff,language,Africa,6.62784,10.2378
nalg1238,Nalguno,,dialect,Africa,,
nalu1240,Nalu,naj,language,Africa,11.0397,-14.8188
nama1265,Nama,,dialect,Africa,,
nama1264,Nama (Namibia),naq,language,Africa,-25.0747,17.9767
nama1263,Nama (Tigon Mbembe),,dialect,Africa,,
namb1291,Nambya,nmq,language,Africa,-19.0899,26.0394
nami1249,Namibian Sign Language,nbs,language,Africa,-22.6,17.048
nami1255,Namidama,,dialect,Africa,,
namp1238,Nampamela,,dialect,Africa,,
nana1261,Nanabin Sign Language,,language,Africa,5.245634,-0.949953
nanc1253,Nancere,nnc,language,Africa,9.31975,16.1282
nand1264,Nande,nnb,language,Africa,-0.24904,29.0243
nand1266,Nandi,niq,language,Africa,0.793737,35.408478
nane1238,Nanerigé Sénoufo,sen,language,Africa,11.7548,-4.92148
nang1261,Nanga,nzz,language,Africa,14.49,-3.02
bedj1245,Nangnda,bjv,language,Africa,8.60006,17.2691
nank1249,Nankana,,dialect,Africa,,
nank1248,Nankani,,dialect,Africa,,
nanu1239,Nanuni,,dialect,Africa,,
naoo1238,Naò,,dialect,Africa,,
naqr1234,N!aqriaxe,,dialect,Africa,,
nara1262,Nara,nrb,language,Africa,15.3251,37.499
nara1261,Narang,,dialect,Africa,,
narr1278,Nar (Chad),,dialect,Africa,,
nari1240,Narim,loh,language,Africa,4.80331,33.3312
naro1249,Naro,nhr,language,Africa,-22.0939,20.7458
naaa1246,Na (Sara),,dialect,Africa,,
nass1235,Nassian,,dialect,Africa,,
nata1256,Nata,,dialect,Africa,,
natc1248,Natchaba,,dialect,Africa,,
nate1242,Nateni,ntm,language,Africa,10.5191,1.21879
nath1238,Nathembo,nte,language,Africa,-16.0973,39.9062
nati1243,Natioro,nti,language,Africa,10.7176,-5.19517
nawd1238,Nawdm,nmz,language,Africa,7.17037,0.58553
nawu1242,Nawuri,naw,language,Africa,8.45116,0.04947
nayi1243,Nayi,noz,language,Africa,6.88202,36.3813
icaa1240,Nca,,dialect,Africa,,
nucl1415,Ncane,,dialect,Africa,,
ncan1245,Ncane-Mungong,ncr,language,Africa,6.50696,10.5312
ncan1244,Ncanm,,dialect,Africa,,
ncha1238,Ncha,,dialect,Africa,,
nchu1238,Nchumbulu,nlu,language,Africa,7.6302,-1.30881
ndaa1238,N'da,,dialect,Africa,,
ndai1238,Ndai,gke,language,Africa,8.09039,14.2888
ndak1241,Ndaka,ndk,language,Africa,1.53341,27.9693
ndak1242,Ndaktup,ncp,dialect,Africa,6.7,11.03
ndal1241,Ndali,ndh,language,Africa,-9.88948,33.6118
ndal1242,Ndali (Zanaki),,dialect,Africa,,
ndam1251,Ndam,ndm,language,Africa,9.79369,17.326
ndam1239,Ndamba,ndj,language,Africa,-8.40485,36.0271
ndam1254,Ndambomo,nxo,language,Africa,-0.82,12.77
ndam1252,Ndam Dik,,dialect,Africa,,
ndam1253,Ndam-Ndam,,dialect,Africa,,
ndan1241,Nda'nda',nnz,language,Africa,5.14715,10.3942
ndan1242,Ndano,,dialect,Africa,,
ndas1238,Ndasa,nda,language,Africa,-2.449015,13.369465
ndau1241,Ndau,ndc,language,Africa,-20.1239,33.1739
ndee1242,Nde,,dialect,Africa,,
ndee1246,Ndeewe,,dialect,Africa,,
ndeg1238,Nde-Gbite,ned,language,Africa,7.065,10.47
ndel1238,Ndele,,dialect,Africa,,
ndem1247,Ndema Sherbro,,dialect,Africa,,
ndem1248,Ndembu,,dialect,Africa,,
ndem1249,Ndemli,nml,language,Africa,4.58061,10.2197
ndee1241,Nde (Mungaka),,dialect,Africa,,
nden1249,Ndendeule,dne,language,Africa,-10.4203,36.0105
nden1248,Ndengereko,ndg,language,Africa,-7.54628,38.958
nden1250,Nde-Nsele-Nta,ndd,language,Africa,6.17426,8.49836
nder1245,Ndera (Pokomo),,dialect,Africa,,
nder1246,Nderre,,dialect,Africa,,
ndes1238,Ndese,,dialect,Africa,,
ndii1240,Ndi,,dialect,Africa,,
ndia1238,Ndia,,dialect,Africa,,
ndin1245,Nding,eli,language,Africa,10.2741,30.7306
ndin1244,Ndingi,,dialect,Africa,,
ndit1238,Nditam,,dialect,Africa,,
ndla1238,Ndlambe,,dialect,Africa,,
ndoo1242,Ndo,ndp,language,Africa,2.68546,30.5652
ndob1238,Ndobo,ndw,language,Africa,1.32539,18.6151
ndoe1238,Ndoe,nbb,language,Africa,6.08134,8.69131
ndog1249,Ndogbang,,dialect,Africa,,
ndog1248,Ndogo,ndz,language,Africa,7.73028,27.5588
ndok1254,Ndokama,,dialect,Africa,,
ndok1256,Ndokbele,,dialect,Africa,,
ndok1257,Ndokbiakat,,dialect,Africa,,
ndok1253,Ndokpa,,dialect,Africa,,
ndok1255,Ndokpenda,,dialect,Africa,,
ndok1258,Ndoktuna,,dialect,Africa,,
ndol1238,Ndolo,ndl,language,Africa,2.15101,19.4087
ndom1244,Ndombe,ndq,language,Africa,-12.96548,13.37097
ndon1252,Ndonde Hamba,njd,language,Africa,-10.5584,38.1253
ndon1254,Ndonga,ndo,language,Africa,-17.22,17.35
ndon1251,Ndonge,,dialect,Africa,,
ndon1255,Ndoni,,dialect,Africa,,
ndoo1241,Ndoola,ndr,language,Africa,7.2884,11.3096
ndre1239,Ndreme,,dialect,Africa,,
ndru1234,Ndrulo,dno,language,Africa,2.250128,30.870201
nduk1240,Nduka,,dialect,Africa,,
ndum1239,Ndumu,nmd,language,Africa,-1.67033,13.7279
ndun1251,Ndunda,nuh,language,Africa,6.73205,11.11047
ndun1250,Ndundusana,,dialect,Africa,,
ndun1249,Ndunga,ndt,language,Africa,2.3886,21.5755
ahwa1235,Ndunic,nfd,language,Africa,9.17635,8.56205
ndur1238,Ndura,,dialect,Africa,,
ndut1239,Ndut,ndv,language,Africa,14.925,-16.9811
nduv1238,Nduvum,,dialect,Africa,,
ndwe1234,Ndwewe,nww,language,Africa,-8.94,36.13
ndxh1238,Ndxhonge,,dialect,Africa,,
ndze1235,Ndzerem,,language,Africa,6.07,10.66
ndzw1235,Ndzwani Comorian,wni,language,Africa,-12.2123,44.3709
neao1241,Neao,,dialect,Africa,,
nede1244,Nedek,,dialect,Africa,,
neee1239,Nee,,dialect,Africa,,
negu1238,Negueni-Klani,,dialect,Africa,,
neju1238,Nejuu,,dialect,Africa,,
neke1238,Nekedi,,dialect,Africa,,
nemb1238,Nembe,,dialect,Africa,,
neny1238,Nenya,,dialect,Africa,,
neop1239,Neo-Punic,,dialect,Africa,,
newb1246,New Busa,,dialect,Africa,,
neyy1238,Ney,,dialect,Africa,,
neyo1238,Neyo,ney,language,Africa,4.95048,-6.08043
ngaa1241,Ngaalam,,language,Africa,8.216287,34.563102
ngab1240,Ngabori,,dialect,Africa,,
ngal1297,Ngalabo,,dialect,Africa,,
ngal1301,Ngala of Lake Chad,,language,Africa,12.35762,14.188038
ngal1296,Ngala-Santandrea,,language,Africa,6.63187,24.61853
ngal1295,Ngalo,,dialect,Africa,,
ngam1269,Ngam,nmc,language,Africa,8.25957,18.4648
ngam1267,Ngamambo,nbv,language,Africa,5.87975,10.0779
ngam1268,Ngambay,sba,language,Africa,8.57051,15.414
ngam1266,Ngam (Cameroon),,dialect,Africa,,
ngam1281,Ngam (Chad),,dialect,Africa,,
ngam1271,Ngam Gir Bor,,dialect,Africa,,
shir1261,Ngamiland Yeyi,,dialect,Africa,,
ngam1282,Ngamo,nbh,language,Africa,12.0048,11.2108
ngam1270,Ngam Tel,,dialect,Africa,,
ngam1272,Ngam Tira,,dialect,Africa,,
ngan1304,Ngando (Central African Republic),ngd,language,Africa,3.71666,17.6499
ngan1308,Ngando (Democratic Republic of Congo),,dialect,Africa,,
ngan1302,Ngando-Lalia,nxd,language,Africa,-0.14363,22.6231
ngan1300,Ngandyera,nne,language,Africa,-17.91859,15.0909
ngan1299,Ngangam,gng,language,Africa,10.2523,0.70509
ngao1244,Ngao,,dialect,Africa,,
ngao1243,Ngaondéré,,dialect,Africa,,
ngap1238,Ngapo,,dialect,Africa,,
ngar1292,Ngare,,dialect,Africa,,
ngas1240,Ngas,anc,language,Africa,9.32042,9.46146
ngas1238,Ngasa,nsg,language,Africa,-2.97716,37.528
ngaz1239,Ngazar,,dialect,Africa,,
ngaz1238,Ngazidja Comorian,zdj,language,Africa,-11.6129,43.36
ngba1284,Ngbaka Ma'bo,nbm,language,Africa,4.0,18.12
ngba1287,Ngbaka Manza,ngg,language,Africa,5.30167,18.4119
ngba1285,Ngbaka Minagende,nga,language,Africa,2.98887,18.994
ngba1289,Ngbako,,dialect,Africa,,
ngba1288,Ngbala,,dialect,Africa,,
ngba1279,Ngbang,,dialect,Africa,,
ngbe1238,Ngbee,jgb,language,Africa,3.60447,27.6529
ngbi1238,Ngbinda-Mayeka,nbd,language,Africa,3.27251,23.5669
gbay1291,Ngbongbo,,dialect,Africa,,
ngbu1242,Ngbugu,,dialect,Africa,,
ngbu1241,Ngbundu,nuu,language,Africa,3.82245,18.7183
ngee1239,Ngee,,dialect,Africa,,
ngee1240,Ngee-Ntaana,,dialect,Africa,,
ngel1238,Ngelima,agh,language,Africa,1.81314,24.8754
ngem1255,Ngemba,nge,language,Africa,5.97864,10.1469
ngem1253,Ngemba (Ghomala'),,dialect,Africa,,
ngem1256,Ngemere,,dialect,Africa,,
ngen1252,Ngende,,dialect,Africa,,
ngen1257,Ngendelengo,nql,language,Africa,-13.88747,13.12802
ngen1253,Ngenge,,dialect,Africa,,
ngen1256,Ngen of Djonkro,gnj,language,Africa,7.76,-3.97
nget1241,Ngete,nnn,language,Africa,9.31902,15.29053
nggw1242,Nggwahyi,ngx,language,Africa,10.6058,12.9234
nggw1243,Nggwoli,,dialect,Africa,,
ngie1242,Ngie,ngj,language,Africa,5.93852,9.79389
ngie1241,Ngiemboon,nnh,language,Africa,5.56777,10.1266
ngil1242,Ngile,jle,language,Africa,10.7194,29.997
ngin1244,Ngindo,nnq,language,Africa,-9.78145,37.9832
ngin1245,Nginyukwur,,dialect,Africa,,
ngir1247,Ngirere,,dialect,Africa,,
ngit1239,Ngiti,niy,language,Africa,1.30455,30.2242
ngiz1242,Ngizim,ngi,language,Africa,12.1051,11.0178
ngka1238,Ngkat,,dialect,Africa,,
ngke1238,||Ng!ke,,dialect,Africa,,
ngoo1241,Ngo,,dialect,Africa,,
ngoa1238,Ngoahu,,dialect,Africa,,
ngok1244,Ngoka,,dialect,Africa,,
ngok1246,Ngok-Kordofan,,dialect,Africa,,
ngok1245,Ngok-Sobat,,dialect,Africa,,
ngol1246,Ngola,,dialect,Africa,,
ngol1244,Ngola (Banda-Banda),,dialect,Africa,,
ngol1245,Ngologa,,dialect,Africa,,
ngom1270,Ngom,nra,language,Africa,0.882925,14.1345
ngom1266,Ngoma,,dialect,Africa,,
ngom1272,Ngomba,jgo,language,Africa,5.63067,10.237
ngom1271,Ngombale,nla,language,Africa,5.70306,10.1446
ngom1269,Ngombe,,dialect,Africa,,
bang1347,Ngombe-Bangandu,bgf,language,Africa,2.18716,14.7506
ngom1265,Ngombe (Central African Republic),nmj,language,Africa,3.90658,15.2154
ngom1268,Ngombe (Democratic Republic of Congo),ngc,language,Africa,1.45357,20.14148
ngon1268,Ngonde,,dialect,Africa,,
ngon1275,Ngong,nnx,language,Africa,8.78874,13.42855
ngon1267,Ngongo,noq,language,Africa,-5.5,18.2
ngon1274,Ngongo (Buushong),,dialect,Africa,,
ngon1273,Ngongo (Nkutu),,dialect,Africa,,
ngon1270,Ngoni (Nyanja),,dialect,Africa,,
ngon1266,Ngoni of Malawi,,dialect,Africa,,
ngon1272,Ngoni (Tumbuka),,dialect,Africa,,
ngur1263,Ngoreme,ngq,language,Africa,-1.8485,34.6173
ngor1243,Ngoro,,dialect,Africa,,
ngos1238,Ngoshie,nsh,language,Africa,6.04616,9.83193
ngos1242,Ngoshie (Glavda),,dialect,Africa,,
ngom1264,Ngoumi,,dialect,Africa,,
ngov1238,Ngova,,dialect,Africa,,
ngub1239,Ngubi,,language,Africa,-3.433411,10.768112
ngub1241,Ngubin,,dialect,Africa,,
ngue1242,Ng|u||en,,dialect,Africa,,
ngul1246,Ngulu,ngp,language,Africa,-5.79734,37.6823
ngur1264,Ngulu Gula,,dialect,Africa,,
guvj1238,Ngumati,,dialect,Africa,,
ngum1255,Ngumbi,nui,language,Africa,1.72096,9.73613
ngum1254,Ng'umbo,,dialect,Africa,,
ngun1279,Ngun,,dialect,Africa,,
ngun1270,Ngundi,ndn,language,Africa,3.02108,16.21457
ngun1271,Ngundi (DRC),,dialect,Africa,,
ngun1266,Ngundu,nue,language,Africa,4.88628,20.4218
ngun1273,Ngunduna,,dialect,Africa,,
ngun1272,Ngungwel,ngz,language,Africa,-1.82055,15.6218
ngun1268,Ng'uni,,dialect,Africa,,
nguq1238,Nguqwurang,,dialect,Africa,,
ngur1265,Nguri,,dialect,Africa,,
ngur1266,Nguru (Kara),,dialect,Africa,,
ngut1234,Ngutira,,dialect,Africa,,
ngwa1247,Ngwa,,dialect,Africa,,
ngwa1251,Ngwaba,ngw,language,Africa,10.0921,12.7942
ngwa1245,Ngwaketse,,dialect,Africa,,
ngwa1246,Ngwatu,,dialect,Africa,,
ngwe1238,Ngwe,nwe,language,Africa,5.49787,9.9028
ngwe1239,Ngwena,,dialect,Africa,,
ngul1247,Ngwii,nlo,language,Africa,-4.09816,19.5129
ngwo1241,Ngwo,ngn,language,Africa,6.17739,9.84369
ging1242,Nharo,,dialect,Africa,,
nhay1238,Nhayi,,dialect,Africa,,
nhla1238,Nhlanganu,,dialect,Africa,,
nhla1239,Nhlangwini,,dialect,Africa,,
niab1238,Niabre,,dialect,Africa,,
nian1244,Niangbo,,dialect,Africa,,
nian1243,Niangoloko-Diarabakoko,,dialect,Africa,,
nibi1234,Nibieg,,dialect,Africa,,
nidr1238,Nidrou,,dialect,Africa,,
nied1239,Niediekaha,,dialect,Africa,,
niel1243,Niellim,nie,language,Africa,9.70362,17.81346
nien1238,Nieni,,dialect,Africa,,
niga1242,Nigagba,,dialect,Africa,,
nigb1238,Nigbi,,dialect,Africa,,
nige1261,Niger Dendi,,dialect,Africa,,
nige1257,Nigerian Pidgin,pcm,language,Africa,9.65873,4.21068
nige1240,Nigerian Sign Language,nsi,language,Africa,6.49997,3.16664
nigi1240,Nigii,,dialect,Africa,,
mese1243,Niguessen (Mese),,dialect,Africa,,
nila1242,Nilamba,nim,language,Africa,-4.50002,34.3068
nile1238,Nile Bari,,dialect,Africa,,
nimb1256,Nimbari,nmr,language,Africa,9.67581,13.8266
nimb1261,Nimbia,,dialect,Africa,,
ninc1234,Nincut,,dialect,Africa,,
nind1241,Nindem,,dialect,Africa,,
nind1242,Nindi,nxi,language,Africa,-11.2569,36.3116
ning1272,Ningi,,dialect,Africa,,
ning1270,Ningo,,dialect,Africa,,
ning1282,Ningo (Mada),,dialect,Africa,,
ning1271,Ningye,nns,dialect,Africa,9.29341,8.43562
nink1238,Ninkada,,dialect,Africa,,
nino1238,Ninong,,dialect,Africa,,
ninz1246,Ninzo,nin,language,Africa,8.95791,8.47328
nioo1239,Nio,,dialect,Africa,,
niom1238,Niominka,,dialect,Africa,,
niou1238,Niou,,dialect,Africa,,
nira1238,Niragu,,dialect,Africa,,
niss1234,Nissim,,dialect,Africa,,
niti1248,Nitiabo,,dialect,Africa,,
nive1238,Nive,,dialect,Africa,,
suga1248,Nizaa,sgi,language,Africa,7.12906,12.3779
njag1237,Njagañaaw,,dialect,Africa,,
njal1239,Njalgulgule,njl,language,Africa,8.70752,26.1147
njan1240,Njanga,,language,Africa,6.41,11.51
njan1239,Njanja,,dialect,Africa,,
njaw1238,Njawlo,,dialect,Africa,,
njeb1242,Njebi,nzb,language,Africa,-2.18115,12.7063
njee1238,Njee-Poantu,,dialect,Africa,,
njel1238,Njeleng,,dialect,Africa,,
njen1238,Njen,njj,language,Africa,5.75169,9.90439
njer1242,Njerep,njr,language,Africa,6.82183,11.521
njin1241,Njinga,,dialect,Africa,,
njon1238,Njong,,dialect,Africa,,
njye1238,Njyem,njy,language,Africa,2.30483,14.1175
nkaa1238,Nka',,dialect,Africa,,
nkam1239,Nkami,nkq,language,Africa,7.0556,-0.0372
nkan1238,Nkangala,nkn,language,Africa,-13.3688,19.0476
nkar1238,Nkari,nkz,language,Africa,5.43898,7.76345
nkem1243,Nkem,,dialect,Africa,,
nkem1242,Nkem-Nkum,isi,language,Africa,6.59158,8.68668
nket1234,Nkete,,dialect,Africa,,
nkhu1238,Nkhumbi,khu,language,Africa,-15.4126,13.9704
nkim1238,Nkimbe,,dialect,Africa,,
nkoo1238,Nko,,dialect,Africa,,
nkoa1234,N'Ko,nqo,language,Africa,,
nkoj1238,Nkojo,,dialect,Africa,,
nkol1238,Nkole,,dialect,Africa,,
nkom1239,Nkombe,,dialect,Africa,,
nkom1238,Nkomi,,dialect,Africa,,
nkom1240,Nkomo,,dialect,Africa,,
nkon1246,Nkonde,,dialect,Africa,,
nkon1247,Nkongho,nkc,language,Africa,5.33848,9.80096
nkon1248,Nkonya,nko,language,Africa,7.20316,0.3209
nkor1239,Nkoroo,nkx,language,Africa,4.57641,7.45802
nkot1238,Nkot,,dialect,Africa,,
nkoy1244,Nkoya,nka,language,Africa,-14.8513,24.7649
nkpa1238,Nkpam,,dialect,Africa,,
nkuk1238,Nkukoli,nbo,language,Africa,5.7562,8.28051
nkum1250,Nkum,,dialect,Africa,,
nkum1249,Nkuma,,dialect,Africa,,
nkum1247,Nkum Akpambe,,dialect,Africa,,
nkum1251,Nkumbi,,dialect,Africa,,
nkum1248,Nkum (Yala),,dialect,Africa,,
nkun1238,Nkundo,,dialect,Africa,,
nkut1238,Nkutu,nkw,language,Africa,-3.67432,22.6802
nkwa1238,Nkwaamba,,dialect,Africa,,
nkwa1239,Nkwankwa,,dialect,Africa,,
nkwe1238,Nkwen,,dialect,Africa,,
nkwi1238,Nkwifiya,,dialect,Africa,,
nnam1238,Nnam,nbp,language,Africa,6.31319,8.48975
nngg1234,N||ng,ngh,language,Africa,-29.70543,19.08408
nooo1238,No,,dialect,Africa,,
nobi1240,Nobiin,fia,language,Africa,22.8142,31.8376
nobv1238,Nobvu,,dialect,Africa,,
noga1250,Nogau,,dialect,Africa,,
nohw1238,Nohwe,,dialect,Africa,,
noma1260,Nomaande,lem,language,Africa,4.5893,10.9157
noma1259,Nomadic Fulfulde,,dialect,Africa,,
nome1234,Nomeng,,dialect,Africa,,
nomo1238,Nomopo,,dialect,Africa,,
nond1239,Nonda,,dialect,Africa,,
nong1248,Nongov,,dialect,Africa,,
tumb1248,Nongwe-Mamboya-Berega,,dialect,Africa,,
nony1234,Nonyambaye-Nobanye,,dialect,Africa,,
nook1246,N|oo-Khwe,,dialect,Africa,,
noon1242,Noon,snf,language,Africa,14.792,-16.9205
noon1243,Noone,nhu,language,Africa,6.37256,10.5707
nork1238,Norkhana,,dialect,Africa,,
nort2776,North Bangato,,dialect,Africa,,
nort2796,North Binja,,dialect,Africa,,
nort2804,North Bobe,,dialect,Africa,,
kung1261,North-Central Ju,knw,language,Africa,-21.92,18.0
nort3092,North Central Soqotri,,dialect,Africa,12.649,54.018
nort3247,Northeast Bainounk,,language,Africa,13.213,-15.835
nort2805,Northeast Duguri,,dialect,Africa,,
nort3131,Northeast Egyptian Bedawi Arabic,,dialect,Africa,,
nort2815,Northeastern Dinka,dip,language,Africa,9.27995,31.8392
nort2811,Northeastern Grebo,,dialect,Africa,,
nort2786,Northeastern Nuni,,dialect,Africa,,
nort3416,Northeast Marakwet,,dialect,Africa,,
nort3407,North-East Mumuye,,dialect,Africa,,
nort3132,Northeast Nile Delta Arabic,,dialect,Africa,,
nort3052,Northern Afar,,dialect,Africa,,
nort3260,Northern Alantika Vere,,language,Africa,8.829761,12.850757
gash1250,Northern Bade,,dialect,Africa,,
nort2803,Northern Bakossi,,dialect,Africa,,
nort2890,Northern Betsimisaraka Malagasy,bmm,language,Africa,-19.9184,48.812
biri1258,Northern Birifor,,dialect,Africa,,
nort2819,Northern Bobo Madaré,bbo,language,Africa,12.4182,-4.47538
nort2802,Northern Bomitaba,,dialect,Africa,,
nort3049,Northern Buduma,,dialect,Africa,,
buru1301,Northern Burun,bdi,language,Africa,10.725,33.921
nort2769,Northern Chumburung,,dialect,Africa,,
nort2780,Northern Dagara,dgi,language,Africa,11.0441,-3.0124
nort3432,Northern Dendi,,dialect,Africa,,
nort2801,Northern Dibole,,dialect,Africa,,
nort2807,Northern Etung,,dialect,Africa,,
nort2772,Northern Fania,,dialect,Africa,,
nort3335,Northern frontier ilŠarqiyya-Parts of idDaqahliyya,,dialect,Africa,,
nort2797,Northern Gikuyu,,dialect,Africa,,
nort2778,Northern Gourmanchema,,dialect,Africa,,
nort2810,Northern Grebo,gbo,language,Africa,5.17103,-8.1409
gumu1244,Northern Gumuz,guk,language,Africa,11.05,35.93
nort2808,Northern Gunu,,dialect,Africa,,
nort2781,Northern Hanga,,dialect,Africa,,
vase1234,Northern Ju,vaj,language,Africa,-18.2675,18.1864
nort2765,Northern Kissi,kqs,language,Africa,8.7283,-10.4063
nort2821,Northern Kono,,dialect,Africa,,
nort2763,Northern Limba,,dialect,Africa,,
nort3400,Northern Lopit,,dialect,Africa,,
nort2783,Northern Lyélé,,dialect,Africa,,
nort2818,Northern Masalit,,dialect,Africa,,
midd1342,Northern Middle Egypt Arabic,,dialect,Africa,,
nort2774,Northern Ngbandi,ngb,language,Africa,3.56357,21.85251
nort3306,Northern Ngiti,,dialect,Africa,,
nort2784,Northern Nuni,nuv,language,Africa,12.131,-2.98206
nort2812,Northern Ogambi,,dialect,Africa,,
nort3272,Northern Oromo,,dialect,Africa,,
nort3327,Northern Saho,,dialect,Africa,,
nort2820,Northern Seeku,,dialect,Africa,,
nort3051,Northern Somali,,dialect,Africa,,
nort3090,Northern Soqotri,,dialect,Africa,12.593,53.837
nort3336,Northern Tigrinya,,dialect,Africa,,
nort2787,Northern Toussian,tsp,language,Africa,11.133,-4.88274
tsoa1238,Northern Tshwa,hio,language,Africa,-19.7974,26.9638
nort2813,Northern Turkana,,dialect,Africa,,
nort3337,Northern Uduk,,dialect,Africa,,
nort3363,Northern Wolof,,dialect,Africa,,
nort3380,Northern Wonk,,dialect,Africa,,
nort2770,North Fali,fll,language,Africa,9.9249,13.6567
nort2806,North Fe'Fe',,dialect,Africa,,
nort3047,North Giziga,gis,language,Africa,10.6755,14.219
nort3050,North Hausa,,dialect,Africa,,
nort2798,North Kitui,,dialect,Africa,,
nort3133,North Kordofan Arabic,,dialect,Africa,,
nort2799,North Kwandu,,dialect,Africa,,
nort3048,North Laamang,,dialect,Africa,,
nort3130,North Levantine Bedawi Arabic,,dialect,Africa,,
nort3046,North Mofu,mfk,language,Africa,10.6834,14.1117
nort3399,Northwest Bena,,dialect,Africa,,
nort3091,Northwest Central Soqotri,,dialect,Africa,12.69,53.49
nort2816,Northwestern Dinka,diw,language,Africa,9.81484,29.2998
nort3331,Northwestern Gbe,,dialect,Africa,,
nort3345,Northwestern Lingala,,language,Africa,1.403245,19.782905
nort2785,Northwestern Nuni,,dialect,Africa,,
nort3292,North-Western Tigre,,dialect,Africa,,
nort3135,North-Western Tunisian,,dialect,Africa,,
nort2775,Northwest Gbaya,gya,language,Africa,5.9503,15.2569
nort3426,Northwest Yoruba,,dialect,Africa,,
nucl1411,North Yemba,,dialect,Africa,,
notr1240,Notre,bly,language,Africa,10.7025,1.27435
nouc1234,Nouchi,,language,Africa,5.317,-4.033
noum1238,Noumoudara-Koumoudara,,dialect,Africa,,
noun1238,Nouna,,dialect,Africa,,
sout2796,Nowulo,,dialect,Africa,,
noyy1238,Noy,noy,language,Africa,9.42495,17.9136
nsaa1238,Nsa,,dialect,Africa,,
nsad1238,Nsadop,,dialect,Africa,,
nsar1238,Nsari,asj,language,Africa,6.63008,10.5993
nsel1238,Nsele,,dialect,Africa,,
nsen1242,Nsenga,nse,language,Africa,-15.3946,31.3544
nshi1235,Nshi,nsc,language,Africa,7.22,10.58
nsih1238,Nsihaa,,dialect,Africa,,
nsim1238,Nsimbwa,,dialect,Africa,,
nsit1238,Nsit,,dialect,Africa,,
kwaa1265,Nsiteu-Kwa',bko,language,Africa,4.88273,10.3453
nsoo1234,Nso',,dialect,Africa,,
nson1240,Nsong,,dialect,Africa,,
song1299,Nsong-Mpiin,soo,language,Africa,-4.55057,18.4978
nson1238,Nsongo,nsx,language,Africa,-10.5166,16.7348
nsuk1238,Nsuka,,dialect,Africa,,
nswa1234,Nswase,,dialect,Africa,,
ntaa1242,Nta,,dialect,Africa,,
ntaa1243,Ntaana,,dialect,Africa,,
ntaa1241,Ntaapum,,dialect,Africa,,
ntch1242,Ntcham,bud,language,Africa,9.23971,0.599275
ntem1238,Ntem,,dialect,Africa,,
nucl1698,Nteng,nqt,language,Africa,9.007,9.086
nter1234,Nterato,,language,Africa,8.831601,0.097933
ntha1238,Nthali,,dialect,Africa,,
ntii1238,Ntii,,dialect,Africa,,
ntil1238,Ntili,,dialect,Africa,,
ntol1238,Ntoleh,,dialect,Africa,,
ntom1248,Ntomba,nto,language,Africa,-1.99062,18.265
ntom1250,Ntomba-Bikoro,,dialect,Africa,,
ntom1249,Ntomba-Inongo,,dialect,Africa,,
nton1238,Ntong,,dialect,Africa,,
ntsa1234,Ntsambaan,,dialect,Africa,,
ntsi1238,Ntsiam,,dialect,Africa,,
ntsw1238,Ntswar,,dialect,Africa,,
ntug1238,Ntugi,,dialect,Africa,,
ntum1238,Ntum,,dialect,Africa,,
nuuu1242,N|u,,dialect,Africa,,
yang1293,Nuasue,yav,language,Africa,4.41971,11.0277
nuba1241,Nubaca,baf,language,Africa,4.35696,11.029
nubi1253,Nubi,kcn,language,Africa,-0.183215,34.7552
nubw1238,Nubwa,,dialect,Africa,,
nuce1234,Nuceko,,dialect,Africa,,
nucl1375,Nuclear Agwagwune,,dialect,Africa,,
nucl1772,Nuclear Aweer,,dialect,Africa,,
nucl1351,Nuclear Awutu,,dialect,Africa,,
nucl1402,Nuclear Bakaka,,dialect,Africa,,
nucl1341,Nuclear Bambassi,,dialect,Africa,,
nucl1365,Nuclear Banda-Banda,,dialect,Africa,,
band1346,Nuclear Banda-Ndélé,,dialect,Africa,,
nucl1346,Nuclear Bandial,,dialect,Africa,,
nucl1386,Nuclear Bangubangu,,dialect,Africa,,
nucl1425,Nuclear Bedjond,,dialect,Africa,,
nucl1433,Nuclear Bench,,dialect,Africa,,
nucl1809,Nuclear Berom,,dialect,Africa,,
nucl1381,Nuclear Boguru,,dialect,Africa,,
nucl1364,Nuclear Bokoto,,dialect,Africa,,
nucl1374,Nuclear Bu,,dialect,Africa,,
nucl1686,Nuclear Buduma,,dialect,Africa,,
nucl1703,Nuclear Dabarre,,dialect,Africa,,
nucl1770,Nuclear Dan,dnj,dialect,Africa,7.27,-8.15
nucl1450,Nuclear Dazaga,,dialect,Africa,,
nucl1344,Nuclear Dilling,,dialect,Africa,,
dzuu1242,Nuclear Dzùùngoo,,dialect,Africa,,
nucl1707,Nuclear Eastern Egyptian Bedawi Arabic,,dialect,Africa,,
nucl1389,Nuclear Embu,,dialect,Africa,,
nucl1684,Nuclear Ga'anda,,dialect,Africa,,
nucl1363,Nuclear Gbanu,,dialect,Africa,,
nucl1353,Nuclear Gen,,dialect,Africa,,
nucl1390,Nuclear Giryama,,dialect,Africa,,
nucl1680,Nuclear Glavda,,dialect,Africa,,
nucl1350,Nuclear Gonja,,dialect,Africa,,
nucl1424,Nuclear Gulay,,dialect,Africa,,
nucl1393,Nuclear Holu,,dialect,Africa,,
nucl1788,Nuclear Ikizu,,dialect,Africa,,
nucl1382,Nuclear Ila,,dialect,Africa,,
nucl1376,Nuclear Jere,,dialect,Africa,,
nucl1369,Nuclear Kaansa,,dialect,Africa,,
nucl1343,Nuclear Kadaru,,dialect,Africa,,
nucl1434,Nuclear Kafa,,dialect,Africa,,
nucl1436,Nuclear Kanga,,dialect,Africa,,
nucl1430,Nuclear Karamojong,,dialect,Africa,,
nucl1442,Nuclear Karanga,,dialect,Africa,,
nucl1368,Nuclear Kasem,,dialect,Africa,,
nucl1435,Nuclear Keiga,,dialect,Africa,,
nucl1342,Nuclear Kelo,,dialect,Africa,,
nucl1377,Nuclear Kgalagadi,,dialect,Africa,,
nucl1439,Nuclear Kibet,,dialect,Africa,,
nucl1446,Nuclear Koyaga,,dialect,Africa,,
nucl1372,Nuclear Kwa,,dialect,Africa,,
nucl1412,Nuclear Kwa',,dialect,Africa,,
nucl1403,Nuclear Kwakum,,dialect,Africa,,
nucl1675,Nuclear Kwang,,dialect,Africa,,
nucl1406,Nuclear Kwasio,,dialect,Africa,,
nucl1429,Nuclear Laal,,dialect,Africa,,
nucl1340,Nuclear Lafofa,,dialect,Africa,,
nucl1384,Nuclear Lamba,,dialect,Africa,,
nucl1448,Nuclear Laro,,dialect,Africa,,
nucl1404,Nuclear Lefa,,dialect,Africa,,
nucl1383,Nuclear Lenje,,dialect,Africa,,
nucl1423,Nuclear Lutos,,dialect,Africa,,
nucl1678,Nuclear Mafa,,dialect,Africa,,
nucl1687,Nuclear Majera,,dialect,Africa,,
nucl1688,Nuclear Malgbe,,dialect,Africa,,
nucl1421,Nuclear Mamvu,,dialect,Africa,,
nucl1420,Nuclear Mangbetu,,dialect,Africa,,
nucl1447,Nuclear Mararit,,dialect,Africa,,
nucl1689,Nuclear Maslam,,dialect,Africa,,
nucl1380,Nuclear Mbangala,,dialect,Africa,,
nucl1679,Nuclear Mefele,,dialect,Africa,,
nucl1387,Nuclear Meru,,dialect,Africa,,
nucl1674,Nuclear Migaama,,dialect,Africa,,
nucl1699,Nuclear Montol,,dialect,Africa,,
nucl1428,Nuclear Morokodo,,dialect,Africa,,
nucl1426,Nuclear Morom,,dialect,Africa,,
nucl1690,Nuclear Mpade,,dialect,Africa,,
nucl1691,Nuclear Mser,,dialect,Africa,,
nucl1392,Nuclear Nande,,dialect,Africa,,
nucl1366,Nuclear Nateni,,dialect,Africa,,
nucl1378,Nuclear Ndau,,dialect,Africa,,
nucl1414,Nuclear Ngwo,,dialect,Africa,,
nucl1358,Nuclear Niellim,,dialect,Africa,,
nucl1385,Nuclear Nkoya,,dialect,Africa,,
nucl1399,Nuclear Ntomba,,dialect,Africa,,
nucl1419,Nuclear Nyabwa,,dialect,Africa,,
nucl1395,Nuclear Nyanja,,dialect,Africa,,
nucl1360,Nuclear Nzakambay,,dialect,Africa,,
nucl1432,Nuclear Okiek,,dialect,Africa,,
nucl1702,Nuclear Orma,,dialect,Africa,,
nucl1398,Nuclear Pande,,dialect,Africa,,
nucl1356,Nuclear Pangseng,,dialect,Africa,,
nucl1685,Nuclear Psikye,,dialect,Africa,,
nucl1357,Nuclear Samba Leko,,dialect,Africa,,
nucl1348,Nuclear Sekpele,,dialect,Africa,,
nucl1705,Nuclear Sened,,dialect,Africa,,
nucl1394,Nuclear Simaa,,dialect,Africa,,
nucl1673,Nuclear Sokoro,,dialect,Africa,,
nucl1349,Nuclear Tchumbuli,,dialect,Africa,,
nucl1243,Nuclear Tegali,,dialect,Africa,,
nucl1388,Nuclear Tharaka,,dialect,Africa,,
nucl1677,Nuclear Tobanga,,dialect,Africa,,
nucl1437,Nuclear Tulishi,,dialect,Africa,,
nucl1676,Nuclear Tumak,,dialect,Africa,,
nucl1438,Nuclear Tumtum,,dialect,Africa,,
nucl1408,Nuclear Ukhwejo,,dialect,Africa,,
nucl1422,Nuclear Vale,,dialect,Africa,,
nucl1367,Nuclear Waama,,dialect,Africa,,
nucl1682,Nuclear Wandala,,dialect,Africa,,
nudo1238,Nudoo,,dialect,Africa,,
nuer1246,Nuer,nus,language,Africa,8.13911,32.3829
nuga1239,Nugane,,dialect,Africa,,
nugb1238,Nugbo,,dialect,Africa,,
nugu1242,Nugunu (Cameroon),yas,language,Africa,4.63103,11.1837
nuju1238,Nujum,,dialect,Africa,,
nuka1243,Nukanya,,dialect,Africa,,
nula1234,Nulamba,,dialect,Africa,,
numa1252,Numana,nbr,language,Africa,9.16563,8.4657
numb1246,Numbu,,dialect,Africa,,
numi1241,Numidian,nxm,language,Africa,,
nung1292,Nungu,rin,language,Africa,8.95481,8.62164
nunk1238,Nunku,,dialect,Africa,,
nunu1249,Nunuma,,dialect,Africa,,
nupe1256,Nupe Central,,dialect,Africa,,
nupe1254,Nupe-Nupe-Tako,nup,language,Africa,9.18404,5.40031
nupe1255,Nupe Tako,,dialect,Africa,,
nura1238,Nura,,dialect,Africa,,
nuus1234,N|uusaa,,dialect,Africa,,
nuya1234,Nuyambassa,,dialect,Africa,,
nwal1238,N'walungu,,dialect,Africa,,
nwes1238,Nwesi,,dialect,Africa,,
nyaa1241,Nyaaja,,dialect,Africa,,
nyaa1242,Nyaanga,,dialect,Africa,,
nyab1256,Nyabadan,,dialect,Africa,,
nyab1253,Nyabasi,,dialect,Africa,,
nyab1254,Nyabo,,dialect,Africa,,
nyab1255,Nyabwa,nwb,language,Africa,6.87615,-6.84428
nyac1238,Nya Ceriya,,dialect,Africa,,
nyad1240,Nya Dele,,dialect,Africa,,
nyag1246,Nyago,,dialect,Africa,,
nyag1244,Nya Guyuwa,,dialect,Africa,,
nyag1245,Nya Gwanda,,dialect,Africa,,
nyai1238,Nyai,,dialect,Africa,,
nyak1262,Nyakisisa,,dialect,Africa,,
nyak1259,Nyaku,,dialect,Africa,,
nyak1263,Nyakwai,,dialect,Africa,,
nyak1261,Nyakyusa,,dialect,Africa,,
nyak1260,Nyakyusa-Ngonde,nyy,language,Africa,-9.71018,33.7763
nyal1251,Nyala,,dialect,Africa,,
nyal1253,Nyala (Dar Fur Dajo),,dialect,Africa,,
nyal1250,Nyali,nlj,language,Africa,1.92098,30.0201
nyam1285,Nyam,nmi,language,Africa,9.18024,10.83652
nyam1272,Nyambe,,dialect,Africa,,
nyam1277,Nyambo,now,language,Africa,-1.6096,30.9156
nyam1274,Nyambwa,,dialect,Africa,,
nyam1278,Nyamtam,,dialect,Africa,,
nyam1273,Nyamuka,,dialect,Africa,,
nyam1280,Nyamusa,,dialect,Africa,,
nyam1279,Nyamusa-Molo,nwm,language,Africa,5.89708,30.3658
nyam1275,Nyamwanga,mwn,language,Africa,-9.11261,32.3163
nyam1276,Nyamwezi,nym,language,Africa,-5.08559,32.94452
nyan1310,Nyandung,,dialect,Africa,,
nyan1305,Nyaneka,nyk,language,Africa,-15.9616,14.94
nyan1304,Nyanga,nyj,language,Africa,-1.29357,28.31546
nyan1303,Nyanga-li,nyc,language,Africa,2.97634,29.1805
nyan1315,Nyangatom,nnj,language,Africa,5.39809,35.6232
nyan1314,Nyangbara,,dialect,Africa,,
nyan1302,Nyangbo,nyb,language,Africa,6.82649,0.37152
nyan1313,Nyang'i,nyp,language,Africa,3.4997,33.73651
nyan1309,Nyani,,dialect,Africa,,
nyan1308,Nyanja,nya,language,Africa,-14.8047,32.8108
nyan1311,Nyanjang,,dialect,Africa,6.6346,11.67572
nyan1307,Nyankole,nyn,language,Africa,-0.46364,30.548
yesk1239,Nyankpa,yes,language,Africa,9.05454,7.97913
nyan1312,Nyanoun,,dialect,Africa,,
nyan1306,Nyanyembe,,dialect,Africa,,
dram1239,Nyarafo,,dialect,Africa,,
nyar1245,Nyarafolo Senoufo,sev,language,Africa,9.66934,-5.11685
nyar1246,Nyaringa,,dialect,Africa,,
nyar1248,Nyaro,,dialect,Africa,,
nyar1247,Nyarweng,,dialect,Africa,,
nyas1241,Nyasa,,dialect,Africa,,
nyas1242,Nyasunda,,dialect,Africa,,
nyat1244,Nya Tariya,,dialect,Africa,,
nyat1246,Nyaturu,rim,language,Africa,-5.12263,34.6657
nyat1245,Nyatwe,,dialect,Africa,,
nyau1243,Nyaugogo,,dialect,Africa,,
nyee1238,Nye,,dialect,Africa,,
nyed1238,Nyedebwa,,dialect,Africa,,
nyem1238,Nyemba,nba,language,Africa,-15.709,18.2515
nyen1259,Nyenebo,,dialect,Africa,,
nyen1255,Nyeng,nfg,language,Africa,,
nyen1257,Nyengo,nye,language,Africa,-17.2314,22.4787
nyen1258,Nyengo (Simaa),,dialect,Africa,,
nyeo1239,Nyeo,,dialect,Africa,,
nyep1239,Nyepu,,dialect,Africa,,
nyif1234,Nyifon,,dialect,Africa,,
nyih1239,Nyiha (Malawi),nyr,language,Africa,-9.5372,33.0995
nyih1240,Nyiha (Tanzania),nih,language,Africa,-9.4472,32.9057
nyik1246,Nyika (Malawi and Zambia),nkv,language,Africa,-10.0231,33.481
nyik1247,Nyika (Tanzania),nkt,language,Africa,-8.133,31.8127
nyim1250,Nyimathli,,dialect,Africa,,
nyim1251,Nyimatli,,dialect,Africa,,
nyin1249,Nyinagbi,,dialect,Africa,,
nyin1248,Nyindu,nyg,language,Africa,-3.03802,28.6434
nyok1241,Nyok,,dialect,Africa,,
nyok1242,Nyo-Kana,,dialect,Africa,,
nyok1243,Nyokon,nvo,language,Africa,4.75,10.5
nyol1238,Nyole,nuj,language,Africa,0.88072,33.9181
nyol1239,Nyolo,,dialect,Africa,,
nyon1241,Nyong,muo,language,Africa,7.274185,11.061485
nyon1242,Nyongwe,,dialect,Africa,,
nyor1244,Nyore,nyd,language,Africa,0.07523,34.6166
nyor1246,Nyoro,nyo,language,Africa,0.95294,31.3493
nyos1238,Nyos,,dialect,Africa,,
nyox1238,Nyoxolonkan,,dialect,Africa,,
nyub1238,Nyubi,,dialect,Africa,,
nyun1248,Nyungwe,nyu,language,Africa,-16.4757,33.0233
nyuo1238,Nyuong,,dialect,Africa,,
nzad1234,Nzadi,nzd,language,Africa,-4.102208,20.194462
nzak1246,Nzakambay,nzy,language,Africa,7.66745,15.6675
nzak1247,Nzakara,nzk,language,Africa,4.79567,22.8254
nzan1240,Nzanyi,nja,language,Africa,10.0666,13.3343
nzar1241,Nzare,,dialect,Africa,,
nzar1242,Nzari,,dialect,Africa,,
nzim1238,Nzima,nzi,language,Africa,5.1785,-2.81123
nzim1239,Nzime,,dialect,Africa,,
obaa1234,Obaa,,dialect,Africa,,
oban1246,Obang,,dialect,Africa,,
oban1245,Obang (Befang),,dialect,Africa,,
oban1244,Obanliku,bzy,language,Africa,6.4794,9.27156
obil1238,Obilebha,,dialect,Africa,,
obio1238,Obio,,dialect,Africa,,
oblo1238,Oblo,obl,language,Africa,8.18943,14.29
obol1243,Obolo,ann,language,Africa,4.62851,7.81985
oboy1238,Oboyguno,,dialect,Africa,,
obul1238,Obulom,,dialect,Africa,4.72908,7.11671
obul1239,Obulom-Ochichi,obu,language,Africa,4.72908,7.11671
ochi1235,O'chi'chi',xoc,dialect,Africa,4.941269,7.138435
odaj1238,Odaje,,dialect,Africa,,
odie1238,Odienneka,,dialect,Africa,,
odua1238,Odual,odu,language,Africa,4.83273,6.41493
odut1238,Odut,oda,language,Africa,5.20317,8.27253
ofag1238,Ofagbe,,dialect,Africa,,
ofer1238,Oferikpe,,dialect,Africa,,
ofom1238,Ofombonga,,dialect,Africa,,
ofon1238,Ofonokpan,,dialect,Africa,,
ogad1238,Ogaden,,dialect,Africa,,
ogam1238,Ogambi,,dialect,Africa,,
ogba1241,Ogbah,ogc,language,Africa,5.25057,6.53895
ogba1242,Ogbakiri,,dialect,Africa,,
ogbe1244,Ogbe Ijo,,dialect,Africa,,
ogbe1246,Ogbe-Oke,,dialect,Africa,,
ogbe1245,Ogbe-Sale,,dialect,Africa,,
ogbi1239,Ogbia,ogb,language,Africa,4.75352,6.34034
ogbo1242,Ogbogolo,ogg,language,Africa,4.90943,6.54706
ogbo1241,Ogboin,,dialect,Africa,,
ogbr1243,Ogbronuagum,ogu,language,Africa,4.74842,6.9058
ogbr1242,Ogbru,,dialect,Africa,,
ogee1238,Òge,,dialect,Africa,,
ogok1238,Ogoko,,dialect,Africa,,
ogow1238,Ogowe,,dialect,Africa,,
ogua1239,Ogua,,dialect,Africa,,
ogug1241,Ogugu,,dialect,Africa,,
ogug1242,Ogugu (Western Okpamheri),,dialect,Africa,,
ogul1238,Ogulagha,,dialect,Africa,,
ogut1238,Oguta,,dialect,Africa,,
song1305,Ohendo,soe,language,Africa,-3.81041,21.4223
ohuh1238,Ohuhu,,dialect,Africa,,
ojaa1238,Oja,,dialect,Africa,,
ojil1238,Ojila,,dialect,Africa,,
ojir1238,Ojirami,,dialect,Africa,,
ojoo1238,Ojo,,dialect,Africa,,
ojuu1238,Oju,,dialect,Africa,,
okaa1243,Oka (Nigeria),,dialect,Africa,,
okeb1238,Oke'bu,,dialect,Africa,,
oken1238,Okene,,dialect,Africa,,
okie1245,Okiek,oki,language,Africa,-2.78048,36.5977
okoo1245,Oko,,dialect,Africa,,
okob1241,Okobo,okb,language,Africa,5.02037,8.08696
okod1238,Okodia,okd,language,Africa,5.29237,6.44113
okoe1238,Oko-Eni-Osayen,oks,language,Africa,7.53908,6.15725
okol1243,Okolie,oie,language,Africa,3.86298,33.47628
okol1240,Okollo,,dialect,Africa,,
okom1241,Okom,,dialect,Africa,,
okom1242,Okomanjang,,dialect,Africa,,
okon1238,Okoni,,dialect,Africa,,
okor1250,Okorobi,,dialect,Africa,,
okor1249,Okoroete,,dialect,Africa,,
okor1247,Okorogung,,dialect,Africa,,
okpa1238,Okpamheri,opa,language,Africa,7.33708,5.97843
okpe1247,Okpeden,,dialect,Africa,,
okpe1248,Okpela,,dialect,Africa,,
okpe1249,Okpe (Northwestern Edo),okx,language,Africa,7.29515,6.24719
okpe1250,Okpe (Southwestern Edo),oke,language,Africa,7.22407,5.94885
okpo1242,Okpogu,,dialect,Africa,,
okpo1243,Okpoto,,dialect,Africa,,
okuu1243,Oku,oku,language,Africa,6.23712,10.5096
okuu1242,Oku (Bokyi),,dialect,Africa,,
okul1238,Okulosho,,dialect,Africa,,
okum1234,Okumu,,dialect,Africa,,
okun1240,Okuni,,dialect,Africa,,
okwa1236,Okwa,,language,Africa,,
olam1240,Olam,,dialect,Africa,,
oldc1247,Old Coptic,,dialect,Africa,,
olde1242,Old Egyptian,,dialect,Africa,,
oldn1245,Old Nubian,onw,language,Africa,18.760713,31.748657
olee1238,Ole,,dialect,Africa,,
olii1238,Oli,,dialect,Africa,,
olib1234,Oli-Bidiman,,language,Africa,4.33,9.8
olit1238,Oliti,,dialect,Africa,,
oloi1238,Oloibiri,,dialect,Africa,,
olom1241,Oloma,olm,language,Africa,7.01279,6.02767
olom1242,Olomoro,,dialect,Africa,,
olon1247,Olonge,,dialect,Africa,,
olub1238,Olu'bo,lul,language,Africa,4.6242,31.9103
olul1247,Olulu,,dialect,Africa,,
olul1246,Olulumo,,dialect,Africa,,
olul1245,Olulumo-Ikom,iko,language,Africa,5.97709,8.56546
omaa1238,Oma,,dialect,Africa,,
omag1246,Omagwna,,dialect,Africa,,
omba1241,Ombamba-Congo,mbm,dialect,Africa,-2.75341,13.617
ombo1238,Ombo,oml,language,Africa,-2.32162,25.1748
omer1238,Omerelu,,dialect,Africa,,
omii1238,Omi,omi,language,Africa,3.2542,30.5385
omot1239,Omotik,omt,language,Africa,-1.34401,35.6296
omud1238,Omudioga,,dialect,Africa,,
omva1238,Omvang,,dialect,Africa,,
ondo1239,Ondo,,dialect,Africa,,
onee1244,One (Yasa),,dialect,Africa,,
bira1253,Ongota,bxe,language,Africa,5.29807,37.025
onit1238,Onitsha,,dialect,Africa,,
onko1235,Onko,,dialect,Africa,,
onum1238,Onumo,,dialect,Africa,,
oorl1238,Oorlams,oor,language,Africa,-28.38447,23.01446
opal1238,Opalo,,dialect,Africa,,
open1238,Opëno,,dialect,Africa,,
oper1238,Operemo,,dialect,Africa,,
opuu1239,Opo,lgn,language,Africa,8.47526,33.853
opor1246,Oporomo,,dialect,Africa,,
opor1245,Oporoza,,dialect,Africa,,
oraa1239,Ora,,dialect,Africa,,
oran1236,Oran,,dialect,Africa,,
oran1264,Orange N|usa,,dialect,Africa,,
oran1263,Orange River Afrikaans,,dialect,Africa,,
oree1238,|Oree-Khwe,,dialect,Africa,,
orig1235,Orig,,dialect,Africa,,
orin1239,Oring,org,language,Africa,6.68753,8.12005
orlu1238,Orlu,,dialect,Africa,,
orma1241,Orma,orc,language,Africa,-1.79489,39.60749
waat1239,Orma (Kenya),,dialect,Africa,,
oroo1241,Oro,orx,language,Africa,4.86134,8.11394
orok1266,Oroko,bdu,language,Africa,4.89504,9.15209
orom1239,Orom,,dialect,Africa,,
oron1234,Oroñe,,dialect,Africa,,
orop1234,Oropom,,language,Africa,,
orra1238,Orra,,dialect,Africa,,
orum1242,Orum,,dialect,Africa,,
orum1241,Oruma,orr,language,Africa,4.9377,6.38295
orun1242,Orungu,,dialect,Africa,,
orun1241,Orunyoro,,dialect,Africa,,
orut1238,Orutagwenda,,dialect,Africa,,
osam1235,Osamayi,syx,language,Africa,-0.012,13.61
osat1238,Osatu,ost,language,Africa,6.20829,9.80188
osay1238,Osayen,,dialect,Africa,,
osel1234,Osele,,dialect,Africa,,
osok1238,Osokom,,dialect,Africa,,
osop1238,Osopong,,dialect,Africa,,
osos1238,Ososo,oso,language,Africa,7.42868,6.21509
osuu1238,Osu,,dialect,Africa,,
otan1238,Otank,uta,language,Africa,6.54809,9.34019
otap1238,Otapha,,dialect,Africa,,
otor1240,Otoro,otr,language,Africa,11.1187,30.573
otsh1238,Otsho,,dialect,Africa,,
otuh1238,Otuho,lot,language,Africa,4.16379,32.6641
ouap1235,Ouapadoupou,,dialect,Africa,,
taga1278,Ouargli,oua,language,Africa,31.9454,5.28444
ouar1238,Ouarkoye,,dialect,Africa,,
ouat1238,Ouatourou-Niasogoni,,dialect,Africa,,
oued1238,Ouedghir,,dialect,Africa,,
tema1243,Oued Righ,tjo,language,Africa,33.3489,6.06562
ouhi1238,Ouhiguyua,,dialect,Africa,,
oujd1238,Oujda,,dialect,Africa,,
oule1238,Ouled Djemma,,dialect,Africa,,
oung1238,!O!ung,oun,language,Africa,-15.3,14.35
ouza1238,Ouzal,,dialect,Africa,,
ovan1235,Ovanyaneka,,dialect,Africa,,
owee1241,Owe,,dialect,Africa,,
owee1242,Owe (Isoko),,dialect,Africa,,
ower1238,Owerri,,dialect,Africa,,
wooo1238,Owo,,dialect,Africa,,
oxal1234,Oxalac,,dialect,Africa,,
oxyr1237,Oxyrhynchite,,dialect,Africa,,
oyda1235,Oyda,oyd,language,Africa,6.13322,36.8541
oyed1238,Oyede,,dialect,Africa,,
oyia1238,Oyiakiri,,dialect,Africa,,
oyin1238,Oyin,,dialect,Africa,,
oyoo1238,Oyo,,dialect,Africa,,
oyok1238,Oyokom,,dialect,Africa,,
oyuo1234,Oyuomi,,dialect,Africa,,
ozor1238,Ozoro,,dialect,Africa,,
paaa1242,Pa'a,pqa,language,Africa,11.0175,9.30091
paas1238,Paasaal,sig,language,Africa,10.2004,-1.8048
pabi1240,Pabir,,dialect,Africa,,
pade1238,Padee,,dialect,Africa,,
pagi1243,Pagibete,pae,language,Africa,3.15636,22.1212
paik1238,Paiko,,dialect,Africa,,
paii1251,Paï (Laka),,dialect,Africa,,
paii1250,Pai (Pedi),,dialect,Africa,,
paip1242,Pai-Pulana-Kutswe,,dialect,Africa,,
paka1255,Paka,,dialect,Africa,,
pala1342,Palaka Senoufo,plr,language,Africa,9.53815,-4.9271
pale1262,Palen,pnl,language,Africa,10.6201,-5.3591
pali1277,Paliet,,dialect,Africa,,
pali1276,Palioupiny,,dialect,Africa,,
pali1275,Palipo,,dialect,Africa,,
palo1243,Palor,fap,language,Africa,14.8628,-16.9557
pamb1243,Pambia,pmb,language,Africa,3.739,26.61
pamm1242,Pam (Cameroon),pmn,language,Africa,7.97779,14.285
pame1261,Pame-Kigile,,dialect,Africa,,
pame1262,Pame Opo,,dialect,Africa,,
kofy1242,Pan,kwl,language,Africa,8.79947,9.15279
pana1294,Pana,,dialect,Africa,,
pana1295,Pana (Burkina Faso),pnq,language,Africa,13.3501,-3.36685
pana1293,Pana (Central African Republic),pnz,language,Africa,7.10191,15.64243
pana1297,Pana North,,dialect,Africa,,
pana1299,Pan Aru,,dialect,Africa,,
pana1296,Pana South,,dialect,Africa,,
pana1298,Panawa,pwb,language,Africa,10.008075,8.986221
pand1263,Panda,,dialect,Africa,,
pand1264,Pande,bkj,language,Africa,3.57935,16.22754
pand1265,Pandikeri,,dialect,Africa,,
pang1288,Panga,,dialect,Africa,,
pang1286,Pangseng,pgs,language,Africa,9.304,11.196
pang1287,Pangwa,pbr,language,Africa,-9.96782,34.8039
pant1255,Pantera,,dialect,Africa,,
pany1242,Panya,,dialect,Africa,,
pany1246,Panyam,,dialect,Africa,,
paok1236,Pao Koh,,dialect,Africa,,
papa1264,Papara,,dialect,Africa,,
pape1239,Papel,pbo,language,Africa,11.8977,-15.8388
para1327,Parakou,,dialect,Africa,,
para1304,Parakuyo,,dialect,Africa,,
pari1256,Päri,lkr,language,Africa,5.09472,32.4822
park1239,Parkwa,pbi,language,Africa,11.0206,14.0964
pasa1241,Pasaali,,dialect,Africa,,
pata1259,Patara,,dialect,Africa,,
pate1246,Pate,,dialect,Africa,,
pato1242,Patool,,dialect,Africa,,
pawa1254,Pawany,,dialect,Africa,,
peee1242,Pe (Chadic),,dialect,Africa,,
pedi1238,Pedi,nso,language,Africa,-24.7993,29.4718
peem1238,Peemba,,dialect,Africa,,
peer1241,Peere,pfe,language,Africa,7.82186,12.2518
peer1242,Peer Muure,,dialect,Africa,,
peho1238,Pe-Holom-Gamé,,dialect,Africa,,
pela1248,Pela (Nigeria),,dialect,Africa,,
gwen1242,Pelasla,,dialect,Africa,,
pele1244,Pelende,ppp,dialect,Africa,-4.90877,17.3142
pelu1234,Pelu,,dialect,Africa,,
pemb1239,Pemba,,dialect,Africa,,
penn1241,Pen,,dialect,Africa,,
pena1270,Penange,,language,Africa,14.38,-4.03
peni1239,Peninsula Sherbro,,dialect,Africa,,
pent1243,Pentane,,dialect,Africa,,
peom1238,Péomé,,dialect,Africa,,
pepe1238,Pepesa,,dialect,Africa,,
perg1234,Perge Tegu,,dialect,Africa,,
peri1257,Peri,,dialect,Africa,,
peri1256,Perim,,dialect,Africa,,
pero1241,Pero,pip,language,Africa,9.62092,11.044
polc1243,Pesse,pze,language,Africa,10.1346,9.5961
peta1244,Peta,,dialect,Africa,,
nucl1397,Petauke Nsenga,,dialect,Africa,,
peve1243,Peve,lme,language,Africa,9.16111,14.441
pewa1238,Pewa,,dialect,Africa,,
pfun1238,Pfunde,,dialect,Africa,,
phal1258,Phalaborwa,,dialect,Africa,,
phal1259,Phaleng,,dialect,Africa,,
phan1255,Phani,,dialect,Africa,,
phen1239,Phende,pem,language,Africa,-5.64735,19.8275
phim1238,Phimbi,phm,language,Africa,-15.8364,33.3514
phui1238,Phuie,pug,language,Africa,11.02348,-3.47165
phut1246,Phuthi,,language,Africa,-30.42311,27.94815
phut1245,Phuthi (Southern Sotho),,dialect,Africa,,
pian1241,Pianga,,dialect,Africa,,
fern1234,Pichi,fpe,language,Africa,3.74,8.78
pidg1259,Pidgin Bobangi,,language,Africa,1.677922,19.166336
pidg1260,Pidgin Hamer,,language,Africa,5.06515,36.51761
pidh1238,Pidha,,dialect,Africa,,
pidl1239,Pidlimndi,,dialect,Africa,,
piee1238,Pie,,dialect,Africa,,
piig1238,Piiga,,dialect,Africa,,
pila1247,Pilakoy,,dialect,Africa,,
pimb1238,Pimbwe,piw,language,Africa,-6.81358,31.4289
pind1243,Pindiga,,dialect,Africa,,
ping1242,Pingou,,dialect,Africa,,
pinj1243,Pinji,pic,language,Africa,-1.90305,11.223
piny1238,Pinyin,pny,language,Africa,5.7991,10.0682
piti1243,Piti,pcn,language,Africa,10.1361,8.47037
piya1246,Piya,,dialect,Africa,,
piya1245,Piya-Kwonci,piy,language,Africa,9.31975,10.8379
plai1263,Plain Angas,,dialect,Africa,,
plap1238,Plapo,,dialect,Africa,,
plap1239,Plapo Krumen,ktj,language,Africa,4.56109,-7.30644
plat1254,Plateau Malagasy,plt,language,Africa,-19.5907,47.1211
ploo1238,Plo,,dialect,Africa,,
podo1242,Podokge,,dialect,Africa,,
podz1238,Podzo,,dialect,Africa,,
poga1239,Pogara,,dialect,Africa,,
pogo1243,Pogolo,poy,language,Africa,-8.72283,36.4148
poju1239,Pöjulu,,dialect,Africa,,
poka1241,Poka,,dialect,Africa,,
poke1238,Poke,pof,language,Africa,0.73538,23.8972
poko1262,Poko,,dialect,Africa,,
poko1261,Pokomo,pkb,language,Africa,-2.31587,40.2897
poko1263,Pökoot,pko,language,Africa,1.57023,35.2318
pomo1271,Pol,pmm,language,Africa,4.243,13.446
poli1239,Poli,,dialect,Africa,,
polo1246,Pologozom,,dialect,Africa,,
pori1238,Polri Kinda,,dialect,Africa,,
pomb1234,Pombo,,dialect,Africa,,
pomo1277,Pomo,,dialect,Africa,,
pomo1276,Pomo-Kweso,,language,Africa,1.83,16.17
pond1249,Pondo,,dialect,Africa,,
pond1250,Pondori,,dialect,Africa,,
pong1244,Pongaal,,dialect,Africa,,
pong1251,Pongo,,dialect,Africa,,
pong1250,Pongu,png,language,Africa,10.0823,6.3745
popo1291,Popoi,,dialect,Africa,,
porg1241,Porga,,dialect,Africa,,
poro1252,Poroto,,dialect,Africa,,
potu1239,Potule,,dialect,Africa,,
prin1242,Principense,pre,language,Africa,1.614,7.392
psik1239,Psikye,kvj,language,Africa,10.677,13.569
baga1275,Pukur,bcg,language,Africa,10.5271,-14.6111
pula1263,Pulaar,fuc,language,Africa,13.8694,-13.4482
pula1264,Pulana,,dialect,Africa,,
pula1262,Pular,fuf,language,Africa,12.1826,-12.7338
pung1240,Pungu,,dialect,Africa,,
puni1241,Punic,xpu,language,Africa,36.527295,10.356444
punu1239,Punu,puu,language,Africa,-2.67362,11.6714
purk1239,Purko,,dialect,Africa,,
puta1243,Putai,mfl,language,Africa,10.83854,12.99521
putr1238,Putru,,dialect,Africa,,
putu1242,Putu,,dialect,Africa,,
pyap1239,Pyapun,pcw,language,Africa,9.09539,9.43733
peee1238,Pye,pai,language,Africa,9.27191,9.56437
pyek1235,Pye Krumen,pye,language,Africa,5.00716,-7.01481
qebe1239,Qebena,,dialect,Africa,,
qima1242,Qimant,ahg,language,Africa,12.8119,37.0542
qwab1238,Qwabe,,dialect,Africa,,
hwar1238,Qwara,,dialect,Africa,,
raba1248,Rabai,,dialect,Africa,,
raba1252,Rabat-Casablanca Arabic,,dialect,Africa,,
ragr1238,Ragreig,,dialect,Africa,,
hoss1238,Rahoss-Tahoss,,dialect,Africa,,
rang1269,Rang,rax,language,Africa,8.001,10.58
rash1248,Rashad Town-Hills,,dialect,Africa,,
rati1238,Rati,,dialect,Africa,,
raya1242,Raya,,dialect,Africa,,
reel1238,Reel,atu,language,Africa,6.32234,30.49451
regi1238,Regi,,dialect,Africa,,
rekk1238,Rek,,dialect,Africa,,
rend1243,Rendille,rel,language,Africa,2.27065,37.3608
rerb1235,Rer Bare,rer,language,Africa,4.11661,41.7065
resh1242,Reshe,res,language,Africa,10.77046,4.62395
reun1238,Réunion Creole French,rcf,language,Africa,-21.1131,55.5321
rhat1239,Rharhabe,,dialect,Africa,,
rhin1241,Rhinyihinyi,,dialect,Africa,,
rhit1238,Rhiti,,dialect,Africa,,
riba1245,Ribah,,dialect,Africa,,
riba1246,Riban,,dialect,Africa,,
riba1250,Ribaw,,dialect,Africa,,
ribb1238,Ribbi,,dialect,Africa,,
ribe1238,Ribe,,dialect,Africa,,
ribi1242,Ribia,,dialect,Africa,,
ribi1243,Ribina,,dialect,Africa,,
rich1238,Richa,,dialect,Africa,,
rier1234,Rieri,,dialect,Africa,,
riff1234,Riffian,,dialect,Africa,,
rigb1238,Rigbo,,dialect,Africa,,
rija1234,Rija,,dialect,Africa,,
rind1238,Rindre,,dialect,Africa,,
rish1234,Rishiwa,rsw,language,Africa,10.169,8.3
riti1238,Ritime,,dialect,Africa,,
rive1257,Riverain Sango,snj,language,Africa,4.32811,21.1733
rive1258,Rivercess Bassa,,dialect,Africa,,
rive1259,River Cess Gio,,dialect,Africa,,
rive1265,Riverine Sakata,,dialect,Africa,,
mbej1238,Riverside Ajiri,,dialect,Africa,,
tanj1247,Rjili,uji,language,Africa,9.40121,6.87432
roba1240,Roba,,dialect,Africa,,
agoi1246,Robambami,ibm,language,Africa,5.87953,8.21629
rodr1234,Rodrigues Creole,,dialect,Africa,,
rofi1238,Rofia,,dialect,Africa,,
roge1238,Rogede,,dialect,Africa,,
rogo1238,Rogo,rod,language,Africa,10.56,6.946
rogo1240,Rogoro,,dialect,Africa,,
rolo1241,Rolong,,dialect,Africa,,
romb1244,Rombo,rof,language,Africa,-3.07772,37.5382
ronn1241,Ron,cla,language,Africa,9.3,9.02
rong1268,Ronga,rng,language,Africa,-26.7329,32.6167
root1238,Rootigaanga,,dialect,Africa,,
rorr1238,Ror,,dialect,Africa,,
roua1238,Roua,,dialect,Africa,,
roya1234,Royal Bafut,,dialect,Africa,,
rrkp1234,Rrkphadha,,dialect,Africa,,
ruee1238,Rue,,dialect,Africa,,
rufi1234,Rufiji,rui,language,Africa,-7.99059,38.7133
rufu1238,Rufumbira,,dialect,Africa,,
ruhu1238,Ruhu,,dialect,Africa,,
ruko1238,Rukonjo,,dialect,Africa,,
ruku1239,Rukul,,dialect,Africa,,
rumm1238,Rum,,dialect,Africa,,
ruma1250,Ruma,ruz,language,Africa,10.571,8.21883
rumu1242,Rumuji,,dialect,Africa,,
rund1242,Rundi,run,language,Africa,-2.94,29.97
rund1241,Rundi-Kitwa,,language,Africa,-3.022268,29.485248
rung1258,Runga,rou,language,Africa,9.7154,20.9945
rung1256,Rungu,,dialect,Africa,,
rung1255,Rungwa,rnw,language,Africa,-7.24959,31.7614
ruri1238,Ruri,,dialect,Africa,,
rutt1238,Rut,,dialect,Africa,,
ruta1240,Rutagwenda,,dialect,Africa,,
rutw1238,Rutwa,,dialect,Africa,,
ruul1235,Ruuli,ruc,language,Africa,1.41726,32.4179
ruun1238,Ruund,rnd,language,Africa,-8.86971,21.4164
ruwi1234,Ruwila,rwl,dialect,Africa,,
rwaa1238,Rwa,rwk,language,Africa,-3.42862,36.7686
rwan1246,Rwandan Sign Language,rsn,language,Africa,-1.38553,30.23427
saaf1238,Saafi-Saafi,sav,language,Africa,14.625,-17.0568
saka1284,Saaka,,dialect,Africa,,
saal1237,Saalum,,dialect,Africa,,
saam1283,Saamia,lsm,language,Africa,0.3652,34.0335
saan1245,Saan,,dialect,Africa,,
saan1247,Saan Dan,,dialect,Africa,,
saaw1242,Saawa,,dialect,Africa,,
saaw1241,Saawii,,dialect,Africa,,
saba1276,Saba,saa,language,Africa,11.3072,18.4906
saba1261,Sabanga,,dialect,Africa,,
saba1262,Sabaot,spy,language,Africa,1.01297,34.6664
sabi1247,Sabiny,,dialect,Africa,,
sabi1246,Sabi (Uganda),,dialect,Africa,,
sabo1240,Sabo,,dialect,Africa,,
sabu1254,Saburi,,dialect,Africa,,
safa1243,Safaliba,saf,language,Africa,8.93768,-2.58467
safa1244,Safané,,dialect,Africa,,
safa1247,Safaree Aweer,,dialect,Africa,,
safw1238,Safwa,sbk,language,Africa,-8.54936,33.4766
saga1263,Sagaka,,dialect,Africa,,
saga1256,Sagala,sbm,language,Africa,-6.98537,36.9153
saga1262,Sagalla,tga,language,Africa,-3.60164,38.5037
sagb1238,Sagbee,,dialect,Africa,,
sagz1238,Sagzee,,dialect,Africa,,
sahi1241,Sahidic,,dialect,Africa,,
sahi1245,Sahil,,dialect,Africa,,
saho1246,Saho,ssy,language,Africa,14.75,39.75
saii1240,Sai,,dialect,Africa,,
said1239,Saidi Arabic,aec,language,Africa,25.4132,30.5302
saik1234,Saik,,dialect,Africa,,
saka1285,Saka (DRC),,dialect,Africa,,
saka1286,Sakanyi,,dialect,Africa,,
saka1287,Sakata,skt,language,Africa,-2.85653,17.9669
sake1247,Sake,sak,language,Africa,0.25188,11.787
saku1238,Sakuye,,dialect,Africa,,
sala1266,Sala,shq,language,Africa,-15.5848,27.4534
sala1277,Salale,,dialect,Africa,,
sala1268,Salampasu,slx,language,Africa,-5.44937,23.1502
tsis1238,Salka-Tsishingini,tsw,language,Africa,10.2882,5.11073
lebo1243,Saloum,,dialect,Africa,,
sama1300,Sama,smd,dialect,Africa,-9.86931,13.8713
nucl1416,Sama Daka,,dialect,Africa,,
samb1314,Sama Jangani,,dialect,Africa,,
samb1311,Sama Mum,ccg,language,Africa,8.06905,11.7077
samb1313,Sama Nnakenyare,,dialect,Africa,,
samb1312,Sama of Mapeo,,dialect,Africa,,
samb1309,Samba,smx,language,Africa,-6.21344,17.1658
samb1306,Samba de Wangai,,dialect,Africa,,
samb1305,Samba Leko,ndi,language,Africa,8.19236,11.7366
samb1317,Sambaya,,dialect,Africa,,
samb1307,Sambe,xab,language,Africa,9.160672,8.505628
samb1316,Sambirir,,dialect,Africa,,
samb1308,Sambuga,,dialect,Africa,,
samb1315,Samburu,saq,language,Africa,1.60735,37.0539
samb1310,Sambyu,,dialect,Africa,,
samp1250,Sampara,,dialect,Africa,,
wara1292,Samue,wbf,language,Africa,10.7283,-5.37515
sann1238,San,,dialect,Africa,,
sand1272,Sanda,,dialect,Africa,,
sand1271,Sanda (Loko),,dialect,Africa,,
sand1273,Sandawe,sad,language,Africa,-5.26918,35.4808
sang1331,Sanga (Democratic Republic of Congo),sng,language,Africa,-10.0236,26.8462
sang1329,Sanga (Nigeria),xsn,language,Africa,10.4157,8.83882
sang1342,Sangha So,,dialect,Africa,,
sang1328,Sango,sag,language,Africa,6.78584,20.1702
sang1333,Sangu (Gabon),snq,language,Africa,-1.52694,11.9098
sang1330,Sangu (Tanzania),sbp,language,Africa,-8.4,33.9
sang1332,Sangwe,,dialect,Africa,,
sank1253,Sankaran Maninka,msc,language,Africa,10.0962,-10.569
sank1252,Sankuma,,dialect,Africa,,
sank1251,Sankura,,dialect,Africa,,
sans1272,San Salvador Kongo,kwy,language,Africa,-5.7114,12.5372
sant1411,Santchou,,dialect,Africa,,
sant1412,Santora,,dialect,Africa,,
sanv1241,Sanvi,,dialect,Africa,,
sanz1246,Sanza,,dialect,Africa,,
sanz1244,Sanzi,,dialect,Africa,,
saoo1238,Sao,,dialect,Africa,,
saot1241,Sao Tome and Principe Sign Language,,language,Africa,0.320259,6.722558
saot1239,Sãotomense,cri,language,Africa,0.28332,6.61935
sapo1251,Sapo,krn,language,Africa,5.69555,-8.49229
sarr1246,Sar,mwm,language,Africa,8.50634,17.8785
sara1320,Sara Dunjo,koj,language,Africa,8.99175,19.9446
sara1319,Sara Kaba,sbz,language,Africa,10.5376,22.1637
sara1322,Sara Kaba Deme,kwg,language,Africa,9.03466,18.6607
sara1321,Sara Kaba Náà,kwv,language,Africa,9.39388,19.2566
sara1315,Sarar,,dialect,Africa,,
sare1239,Saremdé,,dialect,Africa,,
sarr1245,Sar Gula,,dialect,Africa,,
saru1245,Sarua,swy,language,Africa,10.5987,17.031
sasa1247,Sasaru,sxs,language,Africa,7.06193,6.07531
sasi1238,Sasi,,dialect,Africa,,
sawk1238,Sawknah-Fogaha,swn,language,Africa,29.16,15.9742
saww1238,Saw (Ntomba),,dialect,Africa,,
saxw1242,Saxwe,,dialect,Africa,,
saxw1241,Saxwe Gbe,sxw,language,Africa,6.58269,1.92015
saya1246,Saya,say,language,Africa,9.69441,9.71748
seee1238,Se,,dialect,Africa,,
seba1247,Seba,kdg,language,Africa,-11.9396,27.5144
seba1251,Sebat Bet Gurage,sgw,language,Africa,8.11879,37.9891
sebi1238,Sebikotane,,dialect,Africa,,
sebu1242,Sebunkik,,dialect,Africa,,
sece1236,Secere Senoufo,,dialect,Africa,,
seeb1238,Seeba-Yaga,,dialect,Africa,,
seek1238,Seeku,sos,language,Africa,11.1285,-4.58203
sege1246,Segeju,seg,language,Africa,-5.00659,39.12249
segi1242,Seginki,,dialect,Africa,,
sego1238,Segou,,dialect,Africa,,
sehw1238,Sehwi,sfw,language,Africa,6.3172,-2.73146
sekw1242,Seikwa,,dialect,Africa,,
seki1238,Seki,syi,language,Africa,1.52302,9.79206
sekp1241,Sekpele,lip,language,Africa,7.16751,0.5886
seku1238,Sekunda,,dialect,Africa,,
seku1239,Sekute,,dialect,Africa,,
sekw1241,Sekwa,,dialect,Africa,,
sele1249,Selee,snw,language,Africa,7.17462,0.42458
sele1248,Selek,,dialect,Africa,,
sely1242,Selya,,dialect,Africa,,
sely1241,Selyer,,dialect,Africa,,
semy1238,Semen Agaw,,dialect,Africa,,
semi1261,Sémien,,dialect,Africa,,
nucl1396,Sena,seh,language,Africa,-19.7933,34.9829
sena1262,Senar de Kankalaba,seq,language,Africa,10.4987,-5.28216
ceba1235,Senari,sef,language,Africa,9.50768,-6.15264
sene1271,Sened,sds,language,Africa,34.4678,9.43778
seng1277,Senga,,dialect,Africa,,
seng1279,Sengbe,,dialect,Africa,,
seng1278,Sengele,szg,language,Africa,-1.92256,17.2965
seng1286,Sengwer,,dialect,Africa,,
senh1238,Senhaja De Srair,sjs,language,Africa,34.9992,-4.51293
senj1238,Senje,,dialect,Africa,,
seny1238,Senya,,dialect,Africa,,
sera1269,Serak,,dialect,Africa,,
sere1264,Sere,swf,language,Africa,4.71127,27.4688
sere1260,Sereer,srr,language,Africa,13.8941,-16.3916
sere1258,Serengeti Dorobo,,language,Africa,,
serg1234,Sergoit,,dialect,Africa,,
sero1239,Seroa,,dialect,Africa,-33.0386,22.0021
sese1244,Sese,,dialect,Africa,,
sese1245,Sese (Gumuz),,dialect,Africa,,
sese1246,Seselwa Creole French,crs,language,Africa,-4.62314,55.4503
sesf1238,Sesfontein Damara,,dialect,Africa,,
seto1242,Seto (Gbe),,dialect,Africa,,
sewa1250,Sewawa,,dialect,Africa,,
sewi1238,Sewi,,dialect,Africa,,
seyc1234,Seychelles Sign Language,lsw,language,Africa,-4.62,55.45
seze1235,Seze,sze,language,Africa,9.50764,34.6449
sfax1238,Sfax,,dialect,Africa,,
shaa1243,Shaari,,dialect,Africa,,
shab1252,Shabo,sbf,language,Africa,7.64407,35.223
shab1253,Shabun,,dialect,Africa,,
shad1238,Shadal,,dialect,Africa,,
shag1239,Shaga,,dialect,Africa,,
shai1238,Shai,,dialect,Africa,,
shak1238,Shakara,nfk,language,Africa,,
shal1238,Shall,,dialect,Africa,,
shal1242,Shall-Zwall,sha,language,Africa,9.87556,9.64988
sham1243,Shama,,dialect,Africa,,
sham1277,Shamang,xsh,language,Africa,9.47,8.05163
sham1278,Shama-Sambuga,sqa,language,Africa,10.4369,6.20275
sham1281,Shamba,,dialect,Africa,,
sham1280,Shambala,ksb,language,Africa,-4.8,38.29
shan1278,Shang,,language,Africa,9.453585,7.859461
shan1282,Shanga,sho,language,Africa,11.2752,4.41464
shan1279,Shanga (Mozambique),,dialect,Africa,,
shan1280,Shan Gwe,,dialect,Africa,,
shan1290,Shani,,dialect,Africa,,
shan1291,Shanjo,,language,Africa,-17.309869,25.814035
shar1249,Sharwa,swq,language,Africa,10.1414,13.5657
shas1264,Shasha,,dialect,Africa,,
shat1244,Shatt,shj,language,Africa,10.8525,29.7687
shat1243,Shatt (Mundu),,dialect,Africa,,
shau1238,Shau,sqh,language,Africa,10.275,9.06674
shaw1248,Shawasha,,dialect,Africa,,
shee1239,She (Ethiopia),,dialect,Africa,7.74852,35.9498
shek1244,Shekkacho,moy,language,Africa,7.27424,35.3922
shek1245,Sheko,she,language,Africa,7.05022,35.2826
shel1243,Shelkota,,dialect,Africa,,
shel1247,Shellen,,dialect,Africa,,
shem1239,Shempire Senoufo,seb,dialect,Africa,10.4867,-6.37129
shen1249,Shenge Sherbro,,dialect,Africa,,
shen1250,Sheni,,dialect,Africa,10.5256,8.63921
shen1251,Sheni-Ziriya,scv,language,Africa,10.52559,8.63921
sher1258,Sherbro,bun,language,Africa,7.77585,-12.7405
shii1238,Shi,shr,language,Africa,-2.55777,28.6122
shik1242,Shiki,gua,language,Africa,10.5238,9.72769
shil1264,Shila,,dialect,Africa,,
shil1265,Shilluk,shk,language,Africa,9.85472,31.7926
shin1266,Shindzwani,,dialect,Africa,,
shit1243,Shitile,,dialect,Africa,,
shiw1234,Shiwa,,language,Africa,-0.091645,11.947061
shoa1235,Shoa Amharic,,dialect,Africa,,
shoe1243,Shoe,,dialect,Africa,,
shol1241,Sholio,,dialect,Africa,,
shom1246,Shomba,,dialect,Africa,,
shon1251,Shona,sna,language,Africa,-17.20849,29.75725
shon1256,Shongom,,dialect,Africa,,
shoo1248,Shoo,,dialect,Africa,,
shoo1247,Shoo-Minda-Nye,bcv,language,Africa,8.92577,10.9642
shuu1237,Shu,,dialect,Africa,,
shua1254,Shua,shg,language,Africa,-21.52,26.0238
shua1255,Shua-Khwe,,dialect,Africa,,
shub1238,Shubi,suj,language,Africa,-2.97663,31.0681
shug1256,Shugbu,,dialect,Africa,,
shug1252,Shugule,,dialect,Africa,,
shuk1244,Shukri,,dialect,Africa,,
shur1242,Shuru,,dialect,Africa,,
shuw1238,Shuwa-Zamani,ksa,language,Africa,12.25,14.0
shwa1239,Shwai,shw,language,Africa,11.2708,30.3533
siii1238,Si,,dialect,Africa,,
siak1238,Siaka,,dialect,Africa,,
siam1242,Siamou,sif,language,Africa,10.998,-4.92143
sich1239,Sichela,,dialect,Africa,-8.51176,32.66077
sici1249,Sìcìté Sénoufo,sep,language,Africa,11.1789,-5.28932
sida1246,Sidamo,sid,language,Africa,6.74176,38.3729
sien1239,Sienkoka,,dialect,Africa,,
sier1252,Sierra Leone Krio,,dialect,Africa,,
sier1246,Sierra Leone Sign Language,sgx,language,Africa,8.483,-13.235
sigh1238,Sighu,sxe,language,Africa,-0.95605,13.1214
sigi1234,Sigidi,,dialect,Africa,,
siha1242,Siha,,dialect,Africa,,
siha1244,Sihanaka,,dialect,Africa,,
siim1238,Siime,,dialect,Africa,,
sine1238,Siin,,dialect,Africa,,
siiw1238,Siiwa,,dialect,Africa,,
sika1260,Sikasso,,dialect,Africa,,
sikp1238,Sikpi,,dialect,Africa,,
sila1248,Sila (Daju),,dialect,Africa,,
silt1240,Silt'e,stv,language,Africa,7.77004,38.1449
sima1258,Simaa,sie,language,Africa,-15.7434,22.6455
simb1254,Simba,sbw,language,Africa,-1.28107,11.1783
simb1253,Simbiti,,dialect,Africa,,
sind1276,Sindia,,dialect,Africa,,
sing1266,Singa,sgm,language,Africa,-0.40299,34.17762
sing1265,Singala,,dialect,Africa,,
sini1242,Sininkere,skq,language,Africa,13.7206,-0.78772
sink1244,Sinkon,,dialect,Africa,,
siny1243,Sinyar,sys,language,Africa,12.1895,22.5278
sior1238,Siora,,dialect,Africa,,
sira1266,Sira,swj,language,Africa,-1.78084,10.4635
sirb1238,Sirba,,dialect,Africa,,
siri1278,Siri,sir,language,Africa,10.764,9.66743
siri1270,Siria,,dialect,Africa,,
siss1242,Sissala of Burkina Faso,sld,language,Africa,11.0916,-2.38217
sisw1234,Siswati,,dialect,Africa,,
siti1241,Siti,,language,Africa,9.1667,-2.75
siti1240,Sitia Sherbro,,dialect,Africa,,
siuu1238,Siu,,dialect,Africa,,
siwa1244,Siwane,,dialect,Africa,,
siwi1239,Siwi,siz,language,Africa,29.200415,25.519627
siwu1238,Siwu,akp,language,Africa,7.23811,0.44362
siza1240,Sizaki,szk,dialect,Africa,,
slen1234,Sleng Dan,,dialect,Africa,,
soca1235,So (Cameroon),sox,language,Africa,3.68257,12.525
sooo1255,So (Chad),,dialect,Africa,,
sodd1242,Soddo,,dialect,Africa,,
sode1235,So (Democratic Republic of Congo),soc,language,Africa,1.25037,23.6907
soga1242,Soga,xog,language,Africa,0.40456,33.3942
sogh1238,Sõghoo,,dialect,Africa,,
sogo1245,Sogokiré,,dialect,Africa,,
sogo1244,Sogoo,,dialect,Africa,,
soko1248,Soko,,dialect,Africa,,
soko1249,Sokodasa,,dialect,Africa,,
soko1263,Sokoro,sok,language,Africa,11.4634,17.6423
soko1247,Sokoto,,dialect,Africa,,
soko1264,Sokoto (Hausa),,dialect,Africa,,
soli1239,Soli,sby,language,Africa,-15.5213,28.7934
soma1255,Somali,som,language,Africa,4.778704,45.152856
somo1238,Somono,,dialect,Africa,,
somr1248,Somrai,sor,language,Africa,9.65897,16.6784
somy1238,Somyev,kgt,language,Africa,6.90525,11.4826
sond1250,Sonde,shc,language,Africa,-6.32223,18.3555
song1304,Songa,sgo,language,Africa,-4.01205,26.016
song1303,Songe,sop,language,Africa,-5.71993,25.2765
song1315,Songe D103,,dialect,Africa,,
kaad1238,Songhoyboro Ciine,,dialect,Africa,,
song1300,Songoora,sod,language,Africa,-2.21871,26.3477
song1306,Songwa,,dialect,Africa,,
song1301,Songwe,,dialect,Africa,,
soni1259,Soninke,snk,language,Africa,14.7596,-12.1408
sooo1256,Soo,teu,language,Africa,2.58367,34.7595
sopi1241,Sopi (South Sudan),,dialect,Africa,,
sorr1240,Sor,,dialect,Africa,,
soro1243,Soro,,dialect,Africa,,
sota1243,Sotavento,,dialect,Africa,,
soub1241,Soubakanedougou,,dialect,Africa,,
soub1242,Soubré,,dialect,Africa,,
soul1238,Soulani,,dialect,Africa,,
soul1242,Soulede,,dialect,Africa,,
sout1404,South African Sign Language,sfs,language,Africa,-25.96551,28.11864
sout3265,South Aweer,,dialect,Africa,,
sout3325,South Bani Swēf–ilMinya,,dialect,Africa,,
sout3376,South Bena,,dialect,Africa,,
sout2811,South Binja,,dialect,Africa,,
sout3357,South Boma,,dialect,Africa,,
sout2787,South Central Banda,lnl,language,Africa,2.94113,21.051
sout2833,South Central Dinka,dib,language,Africa,6.7307,30.3021
koon1244,South-Central Koongo,kng,language,Africa,-5.57722,14.4771
sout2820,Southeast Bobe,,dialect,Africa,,
sout2834,Southeastern Dinka,dks,language,Africa,7.02206,31.285
juho1239,South-Eastern Ju,ktz,language,Africa,-19.688,20.7673
sout3273,South-Eastern Tigre,,dialect,Africa,,
sout3115,South-Eastern Tunisian,,dialect,Africa,,
sout2774,Southeast Ijo,ijs,language,Africa,4.44235,6.32192
akon1238,Southeast Yoruba,,dialect,Africa,,
sout3053,Southern Bade,,dialect,Africa,,
sout2818,Southern Bakossi,,dialect,Africa,,
sout2920,Southern Betsimisaraka Malagasy,bzc,language,Africa,-22.8,47.82
sout3125,Southern Betsimisaraka Malagasy (Retired),bjq,language,Africa,-20.8687,48.1108
sout2790,Southern Birifor,biv,language,Africa,9.2873,-2.72672
sout2840,Southern Bobo Madaré,bwq,language,Africa,11.5409,-4.26497
sout3052,Southern Buduma,,dialect,Africa,,
sout2780,Southern Chumburung,,dialect,Africa,,
sout2816,Southern Dibole,,dialect,Africa,,
sout2823,Southern Ejagham,,dialect,Africa,,
sout2824,Southern Etung,,dialect,Africa,,
sout2783,Southern Fania,,dialect,Africa,,
sout2813,Southern Gikuyu,,dialect,Africa,,
sout2788,Southern Gourmanchema,,dialect,Africa,,
sout2826,Southern Grebo,grj,language,Africa,4.47607,-7.56872
sout3340,Southern Guinean Loma,,dialect,Africa,,
sout3236,Southern Gumuz,,language,Africa,9.98,35.51
sout2825,Southern Gunu,,dialect,Africa,,
sout2792,Southern Hanga,,dialect,Africa,,
sout2778,Southern Kisi,kss,language,Africa,8.32448,-10.3377
sout2809,Southern Koongo,,dialect,Africa,,
sout3289,Southern Lendu,,dialect,Africa,,
sout3116,Southern Libyan Arabic,,dialect,Africa,,
sout2776,Southern Limba,,dialect,Africa,,
sout3377,Southern Lopit,,dialect,Africa,,
sout2794,Southern Lyélé,,dialect,Africa,,
sout2828,Southern Ma'di,snm,language,Africa,2.8735,31.25
sout2839,Southern Masalit,,dialect,Africa,,
mfum1238,Southern Mfumte,nfu,language,Africa,6.6,10.936386
sout3323,Southern Minya,,dialect,Africa,,
sout3117,Southern Morocco Arabic,,dialect,Africa,,
sout2784,Southern Ngbandi,nbw,language,Africa,2.5414,19.5939
sout3288,Southern Ngiti,,dialect,Africa,,
sout2795,Southern Nuni,nnw,language,Africa,11.5186,-2.14385
sout3264,Southern Rif,,dialect,Africa,,
sout3314,Southern Saho,,dialect,Africa,,
sout2844,Southern Samo,sbd,language,Africa,12.713,-2.9052
sout2841,Southern Seeku,,dialect,Africa,,
sout3075,Southern Soqotri,,dialect,Africa,12.34,54.01
sout2807,Southern Sotho,sot,language,Africa,-28.78,27.89
sout3326,Southern Tigrinya,,dialect,Africa,,
sout2797,Southern Toussian,wib,language,Africa,10.877,-4.65678
kuaa1238,Southern Tshwa,tyu,language,Africa,-22.0237,26.0158
sout2829,Southern Turkana,,dialect,Africa,,
sout3356,Southern Wonk,,dialect,Africa,,
sout2782,South Fali,fal,language,Africa,9.51408,13.6164
sout3324,South Gize-North Bani Swēf-ilFayyūm,,dialect,Africa,,
sout3051,South Giziga,giz,language,Africa,10.2809,14.1931
sout2804,South Ibie,,dialect,Africa,,
sout2814,South Kitui,,dialect,Africa,,
sout2815,South Kwandu,,dialect,Africa,,
sout3112,South Levantine Bedawi Arabic,,dialect,Africa,,
sout2817,South Lobala,,dialect,Africa,,
sout3056,South Oran,,dialect,Africa,,
suda1237,South Sudanese Creole Arabic,pga,language,Africa,5.654,28.774
sout3410,South Sudanese Sign Language,,language,Africa,4.85947,31.57144
sout3345,South Teere,,dialect,Africa,,
sout3270,South Transvaal Ndebele,nbl,dialect,Africa,,
sout2819,Southwest Bobe,,dialect,Africa,,
sout2821,Southwest Duguri,,dialect,Africa,,
sout2832,Southwestern Dinka,dik,language,Africa,8.81115,28.0613
sout3322,Southwestern frontier ilŠarqiyya-Southern parts of idDaqahliyya-Southeastern parts of the centre of the Delta,,dialect,Africa,,
sout3114,South-Western Tunisian,,dialect,Africa,,
sout2785,Southwest Gbaya,gso,language,Africa,4.70037,14.9569
sout3393,Southwest Marakwet,,dialect,Africa,,
sout3386,South-West Mumuye,,dialect,Africa,,
sout3351,South Yemba,,dialect,Africa,,
soyy1234,Soy,,dialect,Africa,,
stan1305,Standard Bambara,,dialect,Africa,,
stan1324,Standard Moroccan Tamazight,zgh,dialect,Africa,,
sthe1236,St. Helena English,,dialect,Africa,-15.9656,-5.7121
stra1247,Strandberg-Katkop,,dialect,Africa,,
suba1238,Suba,sxb,language,Africa,-0.95719,34.1033
suba1252,Suba-Simbiti,ssc,language,Africa,-1.103296,34.268
subi1247,Subi,xsj,dialect,Africa,-2.93387,31.3594
subi1246,Subiya,sbs,language,Africa,-17.5696,24.8867
suda1236,Sudanese Arabic,apd,language,Africa,17.8021,33.3179
tazn1238,Sud Oranais-Gourara,grr,language,Africa,29.1107,0.01992
sugu1242,Sugurti,,dialect,Africa,,
suie1242,Suiei,,dialect,Africa,,
suie1241,Suiei (Okiek),,dialect,Africa,,
suku1259,Suku,sub,language,Africa,-5.76495,17.7736
suku1261,Sukuma,suk,language,Africa,-3.16082,32.8765
suku1272,Sukur,syk,language,Africa,10.8933,13.6437
suku1258,Sukurase,,dialect,Africa,,
suku1262,Sukuuma,,dialect,Africa,,
sukw1242,Sukwa,,dialect,Africa,,
suli1238,Sulima,,dialect,Africa,,
summ1239,Sum,,dialect,Africa,,
suma1264,Suma,sqm,language,Africa,7.0953,17.0093
sout2808,Sumayela Ndebele,,language,Africa,-25.6272,29.048
sumb1240,Sumbwa,suw,language,Africa,-3.47335,31.9457
sung1270,Sungor,,dialect,Africa,,
suoo1238,Suõõ,,dialect,Africa,,
supa1245,Supana,,dialect,Africa,,
supi1236,Supide,,dialect,Africa,,
supy1237,Supyire Senoufo,spp,language,Africa,11.632,-5.87709
surr1238,Sur,tdl,language,Africa,9.47958,9.49007
surb1238,Surbakhal,sbj,language,Africa,13.1331,21.6243
suri1268,Suri (Kacipo-Balesi),,dialect,Africa,,
surw1234,Surwa,,dialect,Africa,,
susi1238,Sus-Agadir,,dialect,Africa,,
susu1250,Susu,sus,language,Africa,10.4046,-13.3628
suun1239,Suundi,sdj,language,Africa,-4.58488,13.3212
suwa1240,Suwa,,dialect,Africa,,
swab1243,Swabou,,dialect,Africa,,
swag1238,Swaga,,dialect,Africa,,
swah1253,Swahili,swh,language,Africa,-8.25605,37.624
swak1238,Swaka,,dialect,Africa,,
swat1243,Swati,ssw,language,Africa,-26.0,31.5
swet1238,Sweta,,dialect,Africa,,
shaa1247,Sya,scw,language,Africa,9.23281,8.77569
syab1238,Syabéré,,dialect,Africa,,
syaa1239,Sya Bobo,,dialect,Africa,,
syan1242,Syan,,language,Africa,1.280475,34.337012
syen1235,Syenara Senoufo,shz,dialect,Africa,10.5954,-5.8581
syer1236,Syer,,dialect,Africa,,
taab1238,Taabwa,tap,language,Africa,-7.91416,29.5238
taan1239,Taan,,dialect,Africa,,
taba1272,Tabarog,,dialect,Africa,,
tach1250,Tachelhit,shi,language,Africa,29.7854,-7.77879
tach1251,Tachenwit,,dialect,Africa,,
tach1242,Tachoni,lts,language,Africa,0.6079,34.8298
tada1238,Tadaksahak,dsq,language,Africa,16.685,2.32653
tadg1238,Tadghaq,,dialect,Africa,,
tadh1238,Tadha,,dialect,Africa,,
tadh1242,Tadhaq,,dialect,Africa,,
tado1245,Tado (Benin),,dialect,Africa,,
tafi1243,Tafi,tcd,language,Africa,6.79522,0.39875
tafi1244,Tafire,,dialect,Africa,,
taga1266,Tagara,,dialect,Africa,,
tagb1263,Tagbana Sud,,dialect,Africa,,
tagb1256,Tagbari,,dialect,Africa,,
tagb1257,Tagboussikan,,dialect,Africa,,
tagb1255,Tagbu,tbm,language,Africa,7.76,27.71
tagd1238,Tagdal,tda,language,Africa,16.1908,6.83992
tagh1234,Taghzut,,dialect,Africa,,
tago1246,Tagoi,tag,language,Africa,12.0346,30.9306
tagw1240,Tagwana Senoufo,tgw,language,Africa,8.67053,-5.17372
taha1241,Tahaggart Tamahaq,thv,language,Africa,22.5908,8.73169
taha1240,Tahamba,,dialect,Africa,,
tait1250,Taita,dav,language,Africa,-3.79347,38.57254
taju1238,Tajuasohn,tja,language,Africa,5.50685,-8.98904
taka1239,Takama,,dialect,Africa,,
taka1264,Takamanda,,dialect,Africa,,
taka1269,Takas,,dialect,Africa,,
taka1262,Takawa-Béngoro,,dialect,Africa,,
taka1263,Takaya,,dialect,Africa,,
taka1265,Takazze-Setiit,,dialect,Africa,,
niak1239,Takper,,dialect,Africa,,
taku1256,Takum,,dialect,Africa,,
taku1255,Takum (Kpan),,dialect,Africa,,
takw1238,Takwane,tke,language,Africa,-16.2276,36.249
tall1250,Tal,tal,language,Africa,9.15354,9.50774
tala1295,Tala,tak,language,Africa,10.233,9.85457
tala1281,Talahundra,,dialect,Africa,,
tala1282,Talassa,,dialect,Africa,,
tale1239,Tale,,dialect,Africa,,
tali1258,Talinga-Bwisi,tlj,language,Africa,0.676185,29.9494
tall1245,Tallau,,dialect,Africa,,
taln1239,Talni,,dialect,Africa,,
tama1332,Tama,,dialect,Africa,,
tama1331,Tama (Chad),tma,language,Africa,14.332,21.9951
tama1365,Tamasheq,taq,language,Africa,14.2038,-2.41269
tamb1268,Tambaro,,dialect,Africa,,
tamb1267,Tambas,tdk,language,Africa,9.36039,9.32836
tamb1252,Tambo,,dialect,Africa,,
tame1243,Tamezret,,dialect,Africa,,
tamk1242,Tamki,tax,language,Africa,11.4926,18.2295
tamm1234,Tammusht,,dialect,Africa,,
tamp1252,Tampulma,tpm,language,Africa,9.75577,-1.35467
tana1279,Tana,,dialect,Africa,,
tana1285,Tañala,,dialect,Africa,,
tana1297,Tanassfarwat,,dialect,Africa,,
tand1252,Tanda (Lobala),,dialect,Africa,,
tand1251,Tande,,dialect,Africa,,
tand1256,Tandroy Malagasy,tdx,language,Africa,-24.80155,45.9
tang1345,Tang,,dialect,Africa,,
nucl1696,Tangale,tan,language,Africa,9.75444,11.3228
tang1346,Tangalto Lele,,dialect,Africa,,
tang1342,Tangamma,,dialect,Africa,,
tang1341,Tangbago,,dialect,Africa,,
tang1343,Tangeta,,dialect,Africa,,
tang1344,Tangi,,dialect,Africa,,
tang1371,Tangier,,dialect,Africa,,
ngor1242,Tangoro,,dialect,Africa,,
tank1238,Tankri,,dialect,Africa,,
tano1246,Tanosy Malagasy,txy,language,Africa,-24.9186,47.1357
tanz1241,Tanzanian Ngoni,xnj,language,Africa,-11.779,35.459
tanz1238,Tanzanian Sign Language,tza,language,Africa,-6.82431,39.127
taoo1239,Tao,,dialect,Africa,,
taol1236,Taolendé,,dialect,Africa,,
tara1314,Taram,,dialect,Africa,,
airr1238,Tarbun,,dialect,Africa,,
tari1263,Tarifiyt-Beni-Iznasen-Eastern Middle Atlas Berber,rif,language,Africa,34.916974,-3.430616
tari1264,Tariyit,,dialect,Africa,,
tarj1235,Tarjumo,txj,language,Africa,11.852298,13.157959
taro1263,Tarok,yer,language,Africa,8.98356,10.0288
tasa1242,Tasahlit,,dialect,Africa,,
tasa1240,Tasawaq,twq,language,Africa,16.7814,6.92037
talo1250,Tasomi-Tata,tlo,language,Africa,10.6453,30.4815
tatt1243,Tattara,,dialect,Africa,,
taun1249,Taung,,dialect,Africa,,
tava1240,Tavara,,dialect,Africa,,
tave1240,Taveta,tvs,language,Africa,-3.41822,37.7061
tavh1238,Tavha-Tsindi,,dialect,Africa,,
tawa1286,Tawallammat Tamajaq,ttq,language,Africa,13.9878,4.47692
tawa1287,Tawallammat Tan Ataram,,dialect,Africa,,
tawa1288,Tawallammat Tan Dannag,,dialect,Africa,,
tawa1269,Tawana,,dialect,Africa,,
tawa1270,Tawara,twl,language,Africa,-16.0167,31.621
tawa1272,Tawara-Chioco,,dialect,Africa,,
tawa1271,Tawara-Daque,,dialect,Africa,,
tawa1273,Tawari,,dialect,Africa,,
taya1251,Tayari,,dialect,Africa,,
taya1257,Tayart Tamajeq,thz,language,Africa,16.9232,7.6743
tcha1240,Tchabankeere,,dialect,Africa,,
tcha1244,Tchagin,,dialect,Africa,,
tchi1246,Tchien,,dialect,Africa,,
tchi1244,Tchini,,dialect,Africa,,
tchi1253,Tchire,,dialect,Africa,,
tchi1245,Tchitchege,tck,language,Africa,-2.03393,13.6001
tchu1241,Tchumbuli,bqa,language,Africa,8.43449,2.55627
tcir1234,Tcire-Tcire,,dialect,Africa,,
tebu1240,Tebul Sign Language,tsy,language,Africa,14.499995,-3.499957
tebu1239,Tebul Ure Dogon,dtu,language,Africa,14.66,-3.1
teda1241,Tedaga,tuq,language,Africa,18.0426,14.7717
teee1242,Tee,tkq,language,Africa,4.73213,7.37553
teed1234,Tee Dan,,dialect,Africa,,
teee1241,Tee (Gola),,dialect,Africa,,
teen1242,Téén,lor,language,Africa,9.84556,-3.71183
teer1238,Teere-Poli,,dialect,Africa,,
tega1236,Tegali,ras,language,Africa,11.9523,31.1112
tege1243,Tege-Kali,,dialect,Africa,,
teis1234,Teisei,,dialect,Africa,,
teix1238,Teixeira Pinto,,dialect,Africa,,
teke1284,Teke-Eboo,,dialect,Africa,,
teke1278,Teke-Eboo-Nzikou,ebo,language,Africa,-2.384219,15.623277
teke1274,Teke-Fuumu,ifm,language,Africa,-3.59003,15.5061
teke1280,Teke-Kukuya,kkw,language,Africa,-2.27122,14.4407
teke1277,Teke-Laali,lli,language,Africa,-3.34458,13.2703
teke1279,Teke-Nzikou,nzu,dialect,Africa,-2.65261,15.2047
teke1281,Teke-Tsaayi,tyi,language,Africa,-2.98028,13.8603
teke1276,Teke-Tyee,tyx,language,Africa,-3.50685,13.8668
temm1241,Tem,kdh,language,Africa,8.967,1.136
tema1244,Temacin,,dialect,Africa,,
temb1271,Tembo,,dialect,Africa,,
temb1270,Tembo (Kitembo),tbt,language,Africa,-1.91863,28.5778
teme1252,Teme,tdo,language,Africa,8.74437,11.3894
nucl1339,Temein,teq,language,Africa,11.8275,29.3898
temi1247,Temi,soz,language,Africa,-2.19303,35.8035
tems1234,Temsamane,,dialect,Africa,,
tene1247,Tenenga,,dialect,Africa,,
tene1246,Tenere,,dialect,Africa,,
teng1263,Teng,,dialect,Africa,,
teng1265,Tenga,,dialect,Africa,,
teng1264,Tengia,,dialect,Africa,,
tene1248,Tengou-Togo Dogon,dtk,language,Africa,14.0675,-3.37158
teng1266,Tengu Kan,,dialect,Africa,,
tenn1246,Tennet,tex,language,Africa,4.91107,32.6307
tenu1234,Tenu Kan,,dialect,Africa,,
teny1243,Tenyer,,dialect,Africa,,
tepp1235,Tep,,language,Africa,6.675724,11.117363
tepo1240,Tepo,,dialect,Africa,,
tepo1239,Tepo Krumen,ted,language,Africa,5.16267,-7.66346
terr1239,Ter,,dialect,Africa,,
tera1251,Tera,ttr,language,Africa,11.0376,11.80953
tere1275,Terego,,dialect,Africa,,
tere1274,Terekongo,,dialect,Africa,,
teri1243,Teri,,dialect,Africa,,
teri1244,Terik,tec,language,Africa,0.6,35.0
tesa1236,Tesaka Malagasy,tkg,language,Africa,-23.3,47.33
tese1238,Tese,keg,language,Africa,11.3885,29.5803
tesh1239,Teshenawa,twc,language,Africa,9.64189,8.35594
teso1249,Teso,teo,language,Africa,1.18321,33.9394
tesu1244,Tesu,,dialect,Africa,,
tete1250,Tetela,tll,language,Africa,-4.29314,24.546
tets1235,Tetserret,tez,language,Africa,14.973333,5.699722
tewe1238,Tewe,twx,language,Africa,-18.4459,33.8246
thaa1239,Tha,thy,language,Africa,9.21338,11.1751
thag1240,Thagichu,,dialect,Africa,,
thar1283,Tharaka,thk,language,Africa,-0.13221,38.073
thar1285,Tharuuca,,dialect,Africa,,
them1241,Thembu,,dialect,Africa,,
thia1238,Thiang,,dialect,Africa,,
thla1238,Thlaro,,dialect,Africa,,
thog1238,Thognaath,,dialect,Africa,,
thoi1238,Thoi,,dialect,Africa,,
thur1255,Thuri,thu,language,Africa,8.72567,26.4858
tiii1240,Ti,,dialect,Africa,,
tiaa1238,Tiaala,,dialect,Africa,,
tiag1235,Tiagbamrin Aizi,ahi,language,Africa,5.28022,-4.62352
tiap1238,Tiapi,,dialect,Africa,,
tibe1274,Tibea,ngy,language,Africa,5.30535,11.3103
tidi1242,Tidikelt,,dialect,Africa,,
tidi1241,Tidikelt-Tuat Tamazight,tia,language,Africa,27.019,1.86218
tiee1238,Tie,,dialect,Africa,,
tief1242,Tiefo-Daramandugu,tiq,language,Africa,10.7184,-4.52619
tief1244,Tiefo-Nyafogo-Numudara,,language,Africa,10.85,-4.45
tiem1235,Tiemacèwè Bozo,boo,language,Africa,15.47052,-4.25688
tien1242,Tiene,tii,language,Africa,-2.84694,16.4765
tien1243,Tienpo,,dialect,Africa,,
tiey1235,Tiéyaxo Bozo,boz,language,Africa,14.1223,-5.08609
tiga1244,Tigania,,dialect,Africa,,
tige1238,Tige,,dialect,Africa,,
tigl1238,Tiglu,,dialect,Africa,,
tigo1236,Tigon Mbembe,nza,language,Africa,6.983995,10.70849
tigr1252,Tigray,,dialect,Africa,,
tigr1270,Tigre,tig,language,Africa,17.3494,38.2233
tigr1271,Tigrinya,tir,language,Africa,15.3359,38.9266
tiho1238,Tihoun,,dialect,Africa,,
tiit1238,Tiitaal,,dialect,Africa,,
tika1245,Tika,,dialect,Africa,,
tika1246,Tikar,tik,language,Africa,5.87004,11.6104
till1253,Til,,dialect,Africa,,
tima1241,Tima,tms,language,Africa,11.7176,29.1632
timb1262,Timbaro,,dialect,Africa,,
timb1263,Timbuktu,,dialect,Africa,,
timn1235,Timne,tem,language,Africa,8.90294,-12.3331
ting1253,Tingal,tie,language,Africa,12.1797,31.1244
ting1251,Tingong,,dialect,Africa,,
tint1242,Tinta,,dialect,Africa,,
tiof1238,Tioffo,,dialect,Africa,,
tira1254,Tira,tic,language,Africa,11.0963,30.8092
tira1255,Tira El Akhdar,,dialect,Africa,,
tira1257,Tira Lumum,,dialect,Africa,,
tira1256,Tira Mandi,,dialect,Africa,,
tira1258,Tiranige Diga Dogon,tde,language,Africa,14.76,-3.7
tiri1257,Tiriki,,dialect,Africa,,
tirm1240,Tirma,,dialect,Africa,,
suri1267,Tirma-Chai,suq,language,Africa,6.03205,35.0823
tish1239,Tishena,,dialect,Africa,,
titt1238,Tit,,dialect,Africa,,
tita1240,Tita,tdq,language,Africa,8.19382,10.1272
tito1234,Titong,,dialect,Africa,,
tivv1240,Tiv,tiv,language,Africa,6.88039,9.26287
yaaa1242,Tiyaa,tyy,language,Africa,9.57325,9.47875
tiya1238,Tiyal,,dialect,Africa,,
tjha1234,Tjhauba,,dialect,Africa,,
tjwa1234,Tjwao,,dialect,Africa,,
tlah1238,Tlahaping,,dialect,Africa,,
tlha1241,Tlhaping,,dialect,Africa,,
tlha1242,Tlharo,,dialect,Africa,,
tlok1241,Tlokwa,,dialect,Africa,,
tmag1238,Tmagourt,,dialect,Africa,,
tooo1238,To,toz,language,Africa,7.25936,15.2819
toba1264,Toba (Ethiopia),,dialect,Africa,,
toba1280,Tobanga,tng,language,Africa,9.8289,16.209
itun1238,Toboanye,,dialect,Africa,,
toce1238,Tocenga,,dialect,Africa,,
toch1257,Tocho,taz,language,Africa,10.8828,30.1567
toen1238,Toende,,dialect,Africa,,
toff1238,Tof,,dialect,Africa,,
tofi1235,Tofin Gbe,tfi,language,Africa,6.51774,2.43226
togb1242,Togbo,,dialect,Africa,,
togb1241,Togbo-Vara Banda,tor,language,Africa,6.35815,22.7362
togo1253,Togo,,dialect,Africa,,
togo1251,Togo (Ewe),,dialect,Africa,,
togo1254,Togo Kan,,dialect,Africa,,
togo1252,Togoyo,tgy,language,Africa,8.6629,25.9756
toka1243,Toka,,dialect,Africa,,
domb1246,Toka-Leya-Dombe,dov,language,Africa,-18.37,26.502
toko1242,Toko,,dialect,Africa,,
tola1237,Tola,,dialect,Africa,,
told1238,Toldil,,dialect,Africa,,
toli1243,Toli,,dialect,Africa,,
toma1245,Toma,tod,language,Africa,8.4228,-9.3491
toma1246,Toma (Eastern Mande),,dialect,Africa,,
tomb1246,Tombidi,,language,Africa,-2.227418,12.362376
tomm1242,Tommo So Dogon,dto,language,Africa,14.756,-3.28
tomo1243,Tomo Kan Dogon,dtm,language,Africa,13.6331,-3.82228
tond1249,Tondi Songway Kiini,tst,language,Africa,15.262989,-2.816163
tong1315,Tonga (Chopi),,dialect,Africa,,
tong1321,Tonga (Nyasa),tog,language,Africa,-12.0816,34.0613
tong1316,Tonga of the Bikita and Gutu Districts,,dialect,Africa,,
tong1318,Tonga (Zambia),toi,language,Africa,-17.422325,27.103495
tong1331,Tongov,,dialect,Africa,,
tong1320,Tongwe,tny,language,Africa,-6.43051,30.0807
tonj1245,Tonj Bongo,,dialect,Africa,,
tonj1244,Tonjo,,dialect,Africa,,
tonj1246,Tonjon,tjn,language,Africa,8.357,-4.40666
toor1238,Tooro,ttj,language,Africa,0.57291,30.6389
topo1242,Toposa,toq,language,Africa,5.15904,34.2159
tora1258,Tora (Bangba),,dialect,Africa,,
tora1267,Toram,trj,language,Africa,11.2027,19.5254
toro1249,Toro,tdv,language,Africa,9.09143,8.58194
toro1251,Torona,tqr,language,Africa,11.1254,30.341
toro1252,Toro So Dogon,dts,language,Africa,14.40749,-3.10006
toro1253,Toro Tegu Dogon,dtt,language,Africa,15.0644,-2.22427
torr1258,Torrock-Kaélé,,dialect,Africa,,
tote1238,Totela,ttl,language,Africa,-16.9575,24.3751
toua1238,Touat,,dialect,Africa,,
touc1238,Toucouleur,,dialect,Africa,,
toud1238,Toudougouka,,dialect,Africa,,
tour1242,Toura (Côte d'Ivoire),neb,language,Africa,7.76747,-7.33105
town1238,Town Bemba,,dialect,Africa,,
tran1295,Transitional Eastern Agaw,,dialect,Africa,,
trem1243,Trembo,,dialect,Africa,,
trep1238,Trepo,,dialect,Africa,,
trip1239,Tripolitanian Arabic,,dialect,Africa,,
tris1241,Tristan da Cunha English,,dialect,Africa,-37.068,-12.311
truu1238,Tru,,dialect,Africa,,
tsaa1241,Tsaamo,,dialect,Africa,,
tsaa1242,Tsaangi,tsa,language,Africa,-2.29245,12.7581
tsam1247,Tsamai,tsb,language,Africa,5.3097,36.9139
tsao1238,Ts'aokhoe,,dialect,Africa,,
tsch1248,Tschetti,,dialect,Africa,,
tshi1238,Tshidi-Khwe,,dialect,Africa,,
tshw1238,Tshwa,,dialect,Africa,,
tsik1238,Tsikimba,kdl,language,Africa,9.60496,4.88739
tsim1257,Tsimihety Malagasy,xmw,language,Africa,-15.4294,48.8102
tsix1234,Ts'ixa,,language,Africa,-19.180953,23.998153
tsoo1241,Tso,ldp,language,Africa,9.53256,11.4972
tsog1243,Tsogo,tsv,language,Africa,-1.55469,11.1359
tson1249,Tsonga,tso,language,Africa,-23.5754,31.8105
tsot1242,Tsotsitaal,fly,language,Africa,-25.8633,27.4955
tsot1241,Tsotso,lto,language,Africa,0.2975,34.6961
tsua1234,Tsua,,dialect,Africa,,
tsun1243,Tsunga,,dialect,Africa,,
tsuv1239,Tsuvadi,tvd,language,Africa,10.8421,5.22095
tsuv1243,Tsuvan,tsh,language,Africa,10.1551,13.628
tswa1255,Tswa,tsc,language,Africa,-22.9891,32.4287
tswa1253,Tswana,tsn,language,Africa,-24.368,24.7587
tswa1237,Tswapong,two,language,Africa,-23.40552,27.42009
tswe1238,Tswene,,dialect,Africa,,
tuba1275,Tuba,,dialect,Africa,,
bund1254,Tucangu,,dialect,Africa,,
loga1243,Tufombo,,dialect,Africa,,
tuge1241,Tugen,tuy,language,Africa,0.66573,35.8499
tuic1247,Tuic,,dialect,Africa,,
tuic1246,Tuic (Southwestern Dinka),,dialect,Africa,,
tuka1245,Tuka,,dialect,Africa,,
tuki1240,Tuki,bag,language,Africa,4.64348,11.5353
komb1269,Tukombe,,dialect,Africa,,
tuku1253,Tuku,,dialect,Africa,,
tula1252,Tula,tul,language,Africa,9.84629,11.52551
nucl1693,Tulai,tvi,language,Africa,10.06673,9.28484
tula1255,Tulan,,dialect,Africa,,
tule1250,Tulema,,dialect,Africa,,
tuli1249,Tulishi,tey,language,Africa,11.4507,29.108
tuma1260,Tumak,tmc,language,Africa,9.43747,17.4216
tuma1247,Tumale,,dialect,Africa,,
tuma1249,Tumari,,dialect,Africa,,
tuma1248,Tumari Kanuri,krt,language,Africa,14.2584,13.1571
mber1258,Tumbele,,dialect,Africa,,
tumb1250,Tumbuka,tum,language,Africa,-11.3297,33.3738
tumi1238,Tumi,kku,language,Africa,10.5113,8.10378
tumm1238,Tumma,,dialect,Africa,,
tumt1243,Tumtum,tbr,language,Africa,10.6378,30.4128
tumu1242,Tumulung Sisaala,sil,language,Africa,10.63451,-1.79707
tumz1238,Tumzabt,mzb,language,Africa,32.5014,3.85035
tund1257,Tunduli,,dialect,Africa,,
tund1256,Tunduru Yao,,dialect,Africa,,
tune1261,Tunen,tvu,language,Africa,4.75,10.67
tune1241,Tunen (Retired),baz,language,Africa,4.75,10.67
tung1284,Tung,,dialect,Africa,,
tung1285,Tunga,,dialect,Africa,,
juna1238,Tungba,,dialect,Africa,,
tung1287,Tungi',,dialect,Africa,,
tung1295,Tungila Suku,,dialect,Africa,,
tung1286,Tungu,,dialect,Africa,,
tuni1251,Tunia,tug,language,Africa,9.42506,18.2059
tuni1259,Tunisian Arabic,aeb,language,Africa,33.7966,9.56156
tuni1249,Tunisian Sign Language,tse,language,Africa,36.49562,10.03348
tuni1262,Tunisian-Zuwara Berber,,language,Africa,32.863859,11.299621
tuni1261,Tunis Judeo-Arabic,,dialect,Africa,,
tuni1260,Tunis (Tunisian Arabic),,dialect,Africa,,
tunn1238,Tunni,tqq,language,Africa,1.06167,43.6847
tuny1239,Tunya,,dialect,Africa,,
tunz1235,Tunzu,dza,language,Africa,9.115793,10.029445
tuob1242,Tuobo,,dialect,Africa,,
tuom1235,Tuomo,,dialect,Africa,,
tuot1238,Tuotomb,ttf,language,Africa,4.65626,10.6592
tupu1244,Tupuri,tui,language,Africa,10.0144,14.8697
turr1244,Tur,,dialect,Africa,,
ture1239,Ture,,dialect,Africa,,
turk1306,Turka,tuz,language,Africa,10.7114,-4.92082
turk1308,Turkana,tuv,language,Africa,4.30688,35.7101
turk1244,Turku-Bongor Pidgin Arabic,,language,Africa,9.09034,18.43689
turk1313,Turku Pidgin Arabic,,dialect,Africa,,
tsin1239,Tutsingo,,dialect,Africa,,
tuwu1238,Tuwuli,bov,language,Africa,7.31095,0.38008
twaa1238,Twa,,dialect,Africa,,
twab1238,Twabo,,dialect,Africa,,
twao1242,Twa of Bangweulu,,dialect,Africa,,
twao1243,Twa of the Kafue,,dialect,Africa,,
twii1234,Twi,twi,dialect,Africa,,
twok1234,Twok,,dialect,Africa,,
twum1238,Twumwu,,dialect,Africa,,
tyap1238,Tyap,kcg,language,Africa,9.75568,8.3082
tyeb1238,Tyebara,,dialect,Africa,,
ubag1245,Ubaghara,byc,language,Africa,5.72343,7.96439
uban1243,Ubang,uba,language,Africa,6.40906,9.2616
ubii1238,Ubi,ubi,language,Africa,11.8006,18.558
ubim1238,Ubima,,dialect,Africa,,
ubwe1238,Ubwebwe,,dialect,Africa,,
ubye1238,Ubye,,dialect,Africa,,
udaa1238,Uda,uda,language,Africa,4.70196,8.06562
udoo1238,Udo,,dialect,Africa,,
uduu1238,Udu,,dialect,Africa,,
uduk1239,Uduk,udu,language,Africa,9.16012,34.2293
uele1238,Uélé,,dialect,Africa,,
ufia1239,Ufia,,dialect,Africa,,
ufio1238,Ufiom,,dialect,Africa,,
ugan1238,Ugandan Sign Language,ugn,language,Africa,0.2475,32.4829
mesa1245,Ugare,iyo,language,Africa,6.32679,9.8723
ugba1238,Ugbala,,dialect,Africa,,
ugbe1238,Ugbem,,dialect,Africa,,
ugep1238,Ugep,,dialect,Africa,,
ugon1240,Ugondo,,dialect,Africa,,
uham1238,Uhami,uha,language,Africa,7.38143,5.68537
ujev1238,Ujevwe,,dialect,Africa,,
ujin1234,Ujindile,,dialect,Africa,-9.24553,34.50936
ukaa1243,Ukaan,kcf,language,Africa,7.59722,6.03933
ukal1234,Ukalawa,,dialect,Africa,-9.18589,35.28047
ukan1238,Ukanafun,,dialect,Africa,,
ukhw1241,Ukhwejo,ukh,language,Africa,2.9095,16.267
ukpe1248,Ukpe,,dialect,Africa,,
ukpe1247,Ukpe-Bayobiri,ukp,language,Africa,6.52883,9.02603
ukpe1250,Ukpet,,dialect,Africa,,
ukpe1249,Ukpet-Ehom,akd,language,Africa,5.58316,8.10047
ukue1238,Ukue,uku,language,Africa,7.41643,5.85139
ukum1234,Ukum,,dialect,Africa,,
ukwa1238,Ukwa,ukq,language,Africa,5.59913,7.96002
okor1248,Ukwortung,,dialect,Africa,,
ukwu1242,Ukwuani,,dialect,Africa,,
ukwu1241,Ukwuani-Aboh-Ndoni,ukw,language,Africa,5.78892,6.48559
ulan1239,Ulanda,,dialect,Africa,,
ulba1238,Ulba,,dialect,Africa,,
ulud1239,Ulu (Dar Funj),,dialect,Africa,,
uluk1257,Ulukwumi,ulb,language,Africa,6.4974,6.59202
umaa1241,Uma (Ikposo),,dialect,Africa,,
umbu1257,Umbundu,umb,language,Africa,-12.4763,14.4148
umee1242,Ume,,dialect,Africa,,
ummd1238,Umm Dorein,,dialect,Africa,,
ummg1238,Umm Gabralla,,dialect,Africa,,
ummk1234,Umm Kurum,,dialect,Africa,,
umon1238,Umon,umm,language,Africa,5.37438,8.10335
umua1240,Umuahia,,dialect,Africa,,
ghul1238,Uncunwee,ghl,language,Africa,11.6432,29.8122
undu1236,Undu,,dialect,Africa,,
unem1238,Uneme,une,language,Africa,6.97237,6.13427
unga1254,Ungameha,,dialect,Africa,,
unga1253,Unga (Zambia),,dialect,Africa,,
kxau1242,/=Ungkue,,dialect,Africa,-29.4046,22.2901
ungu1238,Unguja,,dialect,Africa,,
ungw1234,Ungwar Zaria,,dialect,Africa,,
unog1238,Unogboko,,dialect,Africa,,
unwa1238,Unwana,,dialect,Africa,,
unya1238,Unyama,,dialect,Africa,,
unye1238,Unyeada,,dialect,Africa,,
uokh1238,Uokha,uok,language,Africa,7.00611,5.97783
upat1238,Upata,,dialect,Africa,,
uppe1417,Upper Adele,,dialect,Africa,,
uppe1453,Upper Egypt Arabic,,dialect,Africa,,
uppe1445,Upper Egyptian,,dialect,Africa,,
uppe1420,Upper Gio,,dialect,Africa,,
uppe1455,Upper Guinea Crioulo,pov,language,Africa,13.2335066667,-15.33254
uppe1419,Upper Kenyang,,dialect,Africa,,
uppe1468,Upper Orange River Korana,,dialect,Africa,,
urho1239,Urhobo,urh,language,Africa,5.31155,5.86148
uroo1240,Uro,,dialect,Africa,,
urri1238,Urrighel,,dialect,Africa,,
urrt1238,Urrti,,dialect,Africa,,
uruu1243,Uru (Mochi),,dialect,Africa,,
usss1238,Us,,dialect,Africa,,
usag1244,Usaghade,usk,language,Africa,4.78581,8.53463
usha1238,Ushaku,,dialect,Africa,,
usok1238,Usokun,,dialect,Africa,,
usse1238,Usseri,,dialect,Africa,,
utal1238,Utalingoro,,dialect,Africa,-9.4366,34.70918
uten1234,Utengule,,dialect,Africa,-8.94924,34.76754
utii1238,Uti,,dialect,Africa,,
kagf1238,Ut-Main,gel,language,Africa,11.5319,4.8387
utug1238,Utugwang,,dialect,Africa,,
putu1241,Utugwang-Irungene-Afrike,afe,language,Africa,6.65923,8.96041
utum1238,Utuma,,dialect,Africa,,
uvbi1238,Uvbie,evh,language,Africa,5.44263,5.77303
uwep1238,Uwepa-Uwano,,dialect,Africa,,
uzai1238,Uzairue,,dialect,Africa,,
uzek1238,Uzekwe,eze,language,Africa,6.58841,8.31399
uzer1238,Uzere,,dialect,Africa,,
vaal1235,Vaal-Orange,kqu,language,Africa,-29.55,26.11
vaaz1238,Vaazin,,dialect,Africa,,
vado1243,Vadonde,,dialect,Africa,,
vagl1239,Vagla,vag,language,Africa,9.33848,-2.31333
vaii1241,Vai,vai,language,Africa,7.05085,-11.3262
vain1234,Vain Dan,,dialect,Africa,,
vale1250,Vale,vae,language,Africa,7.49943,18.55852
vama1242,Vamakonde,,dialect,Africa,,
vame1236,Vame,mlr,language,Africa,10.9481,14.2131
vamw1242,Vamwalu,,dialect,Africa,,
vamw1241,Vamwambe,,dialect,Africa,,
vand1244,Vandougouka,,dialect,Africa,,
vanu1242,Vanuma,vau,language,Africa,0.93847,29.81348
vara1239,Vara,,dialect,Africa,,
vata1239,Vata,,dialect,Africa,,
vazi1234,Vazimba,,language,Africa,,
veke1234,Vekema,,dialect,Africa,,
vemg1241,Vemgo,,dialect,Africa,,
vemg1240,Vemgo-Mabas,vem,language,Africa,10.8301,13.6633
vend1245,Venda,ven,language,Africa,-22.188,29.9523
vend1246,Vendo,,dialect,Africa,,
veng1238,Vengo,bav,language,Africa,6.11403,10.4137
vere1252,Vere Kaadam,,language,Africa,9.006331,12.416214
vezo1235,Vezo,,dialect,Africa,-23.34,43.67
vlin1238,Vhlin,,dialect,Africa,,
vidi1238,Vidiri,,dialect,Africa,,
vidu1238,Vidunda,vid,language,Africa,-7.52674,36.9316
viem1243,Viemo,vig,language,Africa,10.8429,-3.84128
vili1238,Vili,vif,language,Africa,-4.06716,11.3804
vili1239,Vili of Ngounie,,language,Africa,-2.752859,10.305563
vill1241,Village Bokobaru,,dialect,Africa,,
vinz1238,Vinza,vin,language,Africa,-4.99312,30.5699
visi1243,Visik,,dialect,Africa,,
vita1238,Vita,,dialect,Africa,,
viti1241,Viti,vit,language,Africa,6.66524,11.1087
eviy1235,Viya,gev,language,Africa,-1.22,10.58
vooo1238,Vo,,dialect,Africa,,
vokb1234,Vokba,,dialect,Africa,,
nder1244,Vomnem,,dialect,Africa,,
vono1238,Vono,kch,language,Africa,10.4357,8.20774
vore1241,Voré,,dialect,Africa,,
suru1258,Vori,sde,language,Africa,10.2254,8.27136
voro1240,Voro,vor,language,Africa,9.78323,12.0719
vuku1238,Vukutu,,dialect,Africa,,
vulu1239,Vulum,,dialect,Africa,,
vumb1238,Vumbu,vum,language,Africa,-2.17673,10.6498
vung1238,Vungunya,,dialect,Africa,,
vunj1238,Vunjo,vun,language,Africa,-3.42531,37.5847
vute1244,Vute,vut,language,Africa,6.13603,11.8839
vute1245,Vute Mbanjo,,dialect,Africa,,
vwan1235,Vwanji,wbi,language,Africa,-9.00683,34.0757
vwez1238,Vwezhi,,dialect,Africa,,
waad1238,Wáádú,,dialect,Africa,,
waal1239,Waalo,,dialect,Africa,,
waam1244,Waama,wwa,language,Africa,10.5956,1.65318
waan1239,Waanjama,,dialect,Africa,,
waat1238,Waata,ssn,language,Africa,-3.25406,40.03761
waci1240,Waci,,dialect,Africa,,
waci1239,Waci Gbe,wci,language,Africa,6.45571,1.69303
wada1260,Wada,,dialect,Africa,,
wada1261,Wada (Central Sudanic),,dialect,Africa,,
wadi1259,Wadi,,dialect,Africa,,
wadi1258,Wadi (Bata),,dialect,Africa,,
wadi1250,Wadimbisa,,dialect,Africa,,
wadu1238,Wa-Duku,,dialect,Africa,,
waga1267,Waga,,dialect,Africa,,
wagi1247,Wagi,,dialect,Africa,,
wahe1238,Wahe,,dialect,Africa,,
wahu1238,Wahu,,dialect,Africa,,
waja1259,Waja,wja,language,Africa,9.91175,11.7206
nucl1370,Wajan Kasa,,dialect,Africa,,
waka1275,Waka,wav,language,Africa,8.79968,11.4932
wala1265,Walad Dulla,,dialect,Africa,,
wali1272,Walia,,dialect,Africa,,
wali1273,Walia (Malgbe),,dialect,Africa,,
wali1263,Wali (Ghana),wlx,language,Africa,10.0212,-2.31263
wali1262,Wali (Sudan),wll,language,Africa,11.8634,29.1228
walo1239,Walo Kumbe Dogon,dwl,language,Africa,,
wame1240,Wamey,cou,language,Africa,12.5421,-13.177
wann1242,Wan,wan,language,Africa,7.88773,-5.82092
wanc1240,Wance,,dialect,Africa,,
wand1264,Wanda,wbh,language,Africa,-8.34522,32.4375
wand1278,Wandala,mfi,language,Africa,11.3169,13.8996
wand1279,Wandi,,dialect,Africa,,
wand1266,Wandji,wdd,language,Africa,-1.51945,12.8951
wand1265,Wandya,,dialect,Africa,,
wane1242,Wané,hwa,language,Africa,4.85171,-6.44406
wang1294,Wanga,lwg,language,Africa,0.343,34.477
wang1302,Wangama,,dialect,Africa,-9.17368,34.497
wang1295,Wangata,,dialect,Africa,,
wann1241,Wannu,jub,language,Africa,7.83859,8.96594
wany1245,Wanyoro,,dialect,Africa,,
waod1234,Wao Dan,,dialect,Africa,,
wapa1235,Wapan,juk,language,Africa,7.97862,9.83299
waph1238,Wãpha,juw,language,Africa,9.10829,9.90381
ware1252,Ware,wre,language,Africa,,
warj1256,Warji,,dialect,Africa,,
warj1253,Warji-Gala,wji,language,Africa,11.1718,9.56925
warn1243,Warn,,dialect,Africa,,
warn1244,Warnang,wrn,language,Africa,10.594,31.1574
warw1235,Warwar,,dialect,Africa,,
wasa1244,Wasa,wss,language,Africa,5.74109,-2.16028
wasa1245,Wasa (Mid-Southern Banda),,dialect,Africa,,
wasu1254,Wasulu,,dialect,Africa,,
wasu1256,Wasulu (Retired),,language,Africa,,
wasu1257,Wasulu (Wojenaka),,dialect,Africa,,
watt1238,Wat,,dialect,Africa,,
wawa1246,Wawa,www,language,Africa,6.68974,11.7802
wawa1247,Wawana,,dialect,Africa,,
wawa1248,Wawa (Nigeria),,dialect,Africa,,
wavu1234,Wawu-II,,language,Africa,,
waya1266,Waya,,dialect,Africa,,
waya1265,Wayam-Rubu,,dialect,Africa,,
waza1238,Wazan,,dialect,Africa,,
weee1241,We,,dialect,Africa,,
webo1238,Webo,,dialect,Africa,,
wede1238,Wedebo,,dialect,Africa,,
wehh1238,Weh,weh,language,Africa,6.46164,10.121
wemb1240,Wembera,,dialect,Africa,,
weme1239,Weme Gbe,wem,language,Africa,6.77227,2.47457
wenb1238,Wenbera,,dialect,Africa,,
went1241,Wenteene,,dialect,Africa,,
weny1238,Wenya,,dialect,Africa,,
werr1238,Werria,,dialect,Africa,,
weru1238,Werugha,,dialect,Africa,,
wesa1238,Wesa,,dialect,Africa,,
weso1238,Wè Southern,gxx,language,Africa,6.50013,-7.63427
west2475,West Bafwangada,,dialect,Africa,,
west2458,West Central Banda,bbp,language,Africa,6.81435,24.1012
west2487,West Central Klaoh,,dialect,Africa,,
west2450,West-Central Limba,lia,language,Africa,9.52392,-12.3138
west2721,West Central Oromo,gaz,language,Africa,8.81391,36.7365
west2704,West Dangaléat,,dialect,Africa,,
west2504,Western Acheron,,dialect,Africa,,
chen1266,Western Algerian Berber,cnu,language,Africa,36.5917,2.19899
west2711,Western Bade,,dialect,Africa,,
west2478,Western Bakossi,,dialect,Africa,,
west2877,Western Dan,,dialect,Africa,,
west2939,Western Desert Egyptian Arabic,,dialect,Africa,,
west2460,Western Ditammari,,dialect,Africa,,
west2471,Western Duka,uss,dialect,Africa,,
west2774,Western Egyptian Bedawi Arabic,,dialect,Africa,,
west2482,Western Ejagham,,dialect,Africa,,
west2719,Western Hausa,,dialect,Africa,,
west2494,Western Jikany,,dialect,Africa,,
grea1281,Western Kabyle,,dialect,Africa,,
west2476,Western Kalebwe,,dialect,Africa,,
cish1238,Western-Kambari-Cishingini,asg,language,Africa,9.88458,4.48564
west2466,Western Karaboro,kza,language,Africa,10.6298,-4.76482
west2479,Western Kele,,dialect,Africa,,
west2490,Western Keliko,,dialect,Africa,,
west2474,Western Kituba,,dialect,Africa,,
west2486,Western Klaoh,,dialect,Africa,,
west2459,Western Koromfe,,dialect,Africa,,
west2957,Western Kpan,,dialect,Africa,,
west2488,Western Krahn,krw,language,Africa,6.14415,-8.40954
west2451,Western Limba,,dialect,Africa,,
west2453,Western Macina,,dialect,Africa,,
nige1255,Western Mambila,mzk,language,Africa,6.69736,11.3161
west2462,Western Mampruli,,dialect,Africa,,
west2500,Western Maninkakan,mlq,language,Africa,13.5677,-12.8009
west2497,Western Masalit,,dialect,Africa,,
west2879,Western Nara,,dialect,Africa,,
west2454,Western Niger Fulfulde,fuh,language,Africa,14.2471,-0.52004
west2938,Western Nile Delta Arabic,,dialect,Africa,,
west2472,Western Okpamheri,,dialect,Africa,,
west2722,Western Oromo,,dialect,Africa,,
west2882,Western Rif,,dialect,Africa,,
west2477,Western Ruli,,dialect,Africa,,
west2465,Western Sisaala,ssl,language,Africa,10.8561,-2.36423
west2760,Western Soqotri,,dialect,Africa,12.548,53.384
west2773,Western Sudanese,,dialect,Africa,,
west2496,Western Suri,,dialect,Africa,,
west2452,Western Temne,,dialect,Africa,,
west2491,Western Toposa,,dialect,Africa,,
west2456,Western Xwla Gbe,xwl,language,Africa,6.33455,2.03904
bufe1238,West Hills Bafut,,dialect,Africa,,
west2463,West Kasem,,dialect,Africa,,
west2706,West Mafa,,dialect,Africa,,
saka1291,West Malagasy Sakalava,skg,language,Africa,-20.28,44.32
west2705,West Masa,,dialect,Africa,,
west2861,West Nyala,,language,Africa,0.08,33.99
west2447,West Olodiama,,dialect,Africa,,
west2492,West Pokot,,dialect,Africa,,
west2961,West Senari,,dialect,Africa,,
west2970,West-Southern Koongo,,dialect,Africa,,
west2448,West Tarakiri,,dialect,Africa,,
xooo1239,West !Xoon,,language,Africa,-23.59,19.15
west2878,West Yacouba Dan,,dialect,Africa,,
wetu1238,Wetu,,dialect,Africa,,
wewe1238,Wè Western,wec,language,Africa,6.36463,-8.40234
weyt1237,Weyto,woy,language,Africa,11.94153,35.63369
whit1268,White Bolon,,dialect,Africa,,
wias1238,Wiase,,dialect,Africa,,
wibo1238,Wibo,,dialect,Africa,,
wiin1238,Wiindza-Baali,,dialect,Africa,,
wiin1239,Wiin-Kaninciin,,dialect,Africa,,
wile1238,Wile,,dialect,Africa,,
wimb1234,Wimbum Sign Language,,language,Africa,6.42502,10.78892
wina1241,Wina,,dialect,Africa,,
winy1241,Winyé,kst,language,Africa,11.8239,-2.97518
wira1263,Wira,,dialect,Africa,,
wiye1238,Wiyeh,,dialect,Africa,,
wlep1238,Wlepo,,dialect,Africa,,
wlop1238,Wlopo,,dialect,Africa,,
wluw1238,Wluwe-Hawlo,,dialect,Africa,,
weno1238,Wobe-Wè Northern,wob,language,Africa,7.40391,-7.24617
woda1240,Wodaabe,,dialect,Africa,,
wogo1234,Wogo,,dialect,Africa,,
woib1234,Woibalaga,,dialect,Africa,,
woim1234,Woima,,dialect,Africa,,
woje1238,Wojenaka,jod,language,Africa,9.72582,-7.6104
wojo1239,Wojo,,dialect,Africa,,
wola1253,Wolane,wle,language,Africa,8.23,38.14
wola1242,Wolaytta,wal,language,Africa,6.32668,37.7537
woll1236,Wollo Amharic,,dialect,Africa,,
well1239,Wolo,,dialect,Africa,,
nucl1347,Wolof,wol,language,Africa,15.2534,-15.383
womm1234,Wommu,,dialect,Africa,,
womn1235,Wom (Nigeria),wom,language,Africa,8.92708,12.4533
wong1247,Wongo,won,language,Africa,-5.73837,20.5054
work1238,Worku,,dialect,Africa,,
woro1256,Worodougou,jud,language,Africa,8.23453,-6.72244
woro1257,Worodougouka,,dialect,Africa,,
woro1259,Woro (South Sudan),,dialect,Africa,,
woru1234,Woru Kan,,dialect,Africa,,
woul1238,Woulki,,dialect,Africa,,
wqal1234,Wqal,,dialect,Africa,,
wrel1238,Wrelpo,,dialect,Africa,,
wubo1238,Wubomai,,dialect,Africa,,
wudu1238,Wudu,wud,language,Africa,7.57619,1.53522
wuka1238,Wukan,,dialect,Africa,,
wula1250,Wula,,dialect,Africa,,
wula1245,Wula (Bokyi),,dialect,Africa,,
wule1238,Wule,,dialect,Africa,,
wuli1243,Wulima,,dialect,Africa,,
wulu1239,Wulu,,dialect,Africa,,
wulu1242,Wulukoha,,dialect,Africa,,
wumb1241,Wumboko-Bubia,bqm,language,Africa,4.24717,9.08026
wumb1242,Wumbvu,wum,language,Africa,-2.39234,12.264
wund1239,Wundi,,dialect,Africa,,
wund1238,Wundu,,dialect,Africa,,
wure1234,Wurekaba Maninka,,dialect,Africa,,
wurg1238,Wurga,,dialect,Africa,,
wuri1238,Wuri,,dialect,Africa,,
wush1238,Wushi,bse,language,Africa,6.07415,10.6035
wuum1238,Wuumu,,dialect,Africa,,
wuum1239,Wuumu-Mpuono,,language,Africa,-4.27,15.72
wuzl1236,Wuzlam,udl,language,Africa,10.955,14.1378
xaas1235,Xaasongaxango,kao,language,Africa,14.1,-10.95
xais1238,|Xaise,,dialect,Africa,,
xamm1241,/Xam,xam,language,Africa,-31.7612,20.1733
xamt1239,Xamtanga,xan,language,Africa,12.4479,38.8352
xati1238,Xatia,,dialect,Africa,,
xazo1234,Xazo,,dialect,Africa,,
xegw1238,//Xegwi,xeg,language,Africa,-26.3407,30.4028
xenq1238,Xenqenna,,dialect,Africa,,
xesi1238,Xesibe,,dialect,Africa,,
xhos1239,Xhosa,xho,language,Africa,-31.0389,28.0769
xiri1242,Xiri,xii,language,Africa,-32.72545,18.63332
xokx1238,||Xo-Kxoe,,dialect,Africa,,
xomk1238,||Xom-Kxoe,,dialect,Africa,,
xong1238,Xonga,,dialect,Africa,,
xwel1235,Xwela Gbe,xwe,language,Africa,6.41342,2.02985
yaaa1241,Yaa,,dialect,Africa,,
yaab1234,Yaabelloo,,dialect,Africa,,
yaad1238,Yaadré,,dialect,Africa,,
yaak1241,Yaaku,muu,language,Africa,0.46863,37.1008
yaal1238,Yaali,,dialect,Africa,,
yaam1238,Yaamba,,dialect,Africa,,
yaan1242,Yaan,,dialect,Africa,,
yaan1236,Yaande,,dialect,Africa,,
yaay1238,Yaáyuwee,,dialect,Africa,,
yaba1247,Yaba,,dialect,Africa,,
yabe1252,Yabeka,,dialect,Africa,,
yabe1251,Yabekanga,,dialect,Africa,,
yabe1253,Yabekolo,,dialect,Africa,,
yabu1235,Yabus Uduk,,dialect,Africa,,
yaby1238,Yabyang,,dialect,Africa,,
yace1238,Yace,ekr,language,Africa,6.84259,8.84077
yagb1238,Yagba,,dialect,Africa,,
yagw1244,Yagwa,,dialect,Africa,,
yaik1238,Yaikole,,dialect,Africa,,
yais1238,Yaisu,,dialect,Africa,,
yaka1270,Yaka,,dialect,Africa,,
yaka1272,Yaka (Central African Republic),axk,language,Africa,3.6515,17.2713
yaka1274,Yaka (Congo),iyx,language,Africa,-3.73301,13.3637
yaka1271,Yakahanga,,dialect,Africa,,
yaka1273,Yakalak,,dialect,Africa,,
yaka1269,Yaka-Pelende-Lonzo,yaf,language,Africa,-5.984,16.775
yako1251,Yakoko,,dialect,Africa,,
yako1252,Yakoma,yky,language,Africa,4.1651,22.1702
yakp1238,Yakpa,,dialect,Africa,,
yala1263,Yala,yba,language,Africa,6.73852,8.60748
yala1268,Yala (Loma),,dialect,Africa,,
yala1264,Yala Ogoja,,dialect,Africa,,
yali1255,Yaliambi,,dialect,Africa,,
yali1254,Yalima,,dialect,Africa,,
yalu1240,Yalunka,yal,language,Africa,9.97186,-11.2836
yamb1251,Yamba,yam,language,Africa,6.535505,11.07711
yamb1255,Yambe,,language,Africa,1.90029,17.11304
yamb1252,Yambeta,yat,language,Africa,4.83615,10.9369
yamo1247,Yamod,,dialect,Africa,,
yamo1246,Yamongeri,ymg,language,Africa,-0.24248,22.3073
yana1270,Yana (Mossi),,dialect,Africa,,
yand1257,Yanda Dom Dogon,dym,language,Africa,14.63,-3.15
yang1292,Yangho,ynh,language,Africa,-1.92218,13.0213
yang1290,Yangkam,bsx,language,Africa,9.44956,10.2881
yang1289,Yango,yng,language,Africa,2.81523,19.0108
yang1291,Yangonda,,dialect,Africa,,
yeei1238,Yans Bagata,,dialect,Africa,,
yans1239,Yansi,yns,language,Africa,-3.8231,18.2341
yans1241,Yans Nkara,,dialect,Africa,,
yaoo1241,Yao,yao,language,Africa,-13.6119,35.2387
yaou1238,Yaouré,yre,language,Africa,6.95282,-5.57851
yapo1245,Yapo,,dialect,Africa,,
yapo1244,Yapoma,,dialect,Africa,,
cind1241,Yara,cdr,language,Africa,10.3419,5.84212
yari1242,Yari,,dialect,Africa,,
yeru1241,Yarim,,dialect,Africa,,
yasa1242,Yasa,yko,language,Africa,2.06043,10.678
yaso1238,Yaso,,dialect,Africa,,
yass1240,Yassuku,,dialect,Africa,,
yati1238,Yatini,,dialect,Africa,,
yaum1238,Yauma,yax,language,Africa,-15.821495,21.881345
yazo1238,Yazori,,dialect,Africa,,
yeci1238,Yeci,,dialect,Africa,,
yegh1238,Yeghe,,dialect,Africa,,
yeji1238,Yeji,,dialect,Africa,,
yekh1238,Yekhee,ets,language,Africa,7.10204,6.44919
yela1239,Yela (Democratic Republic of Congo),,dialect,Africa,,
yela1238,Yela-Kela,yel,language,Africa,-2.46204,22.5891
yeli1239,Yelinda,,dialect,Africa,,
yemb1246,Yemba,ybb,language,Africa,5.47421,10.0214
yemb1245,Yembana,,dialect,Africa,,
yems1235,Yemsa,jnj,language,Africa,7.79821,37.4412
yend1241,Yendang,ynq,language,Africa,9.0,11.8
yend1240,Yendang (Retired),yen,language,Africa,9.0159,12.1396
yeng1244,Yengono,,dialect,Africa,,
yeni1253,Yeni,yei,language,Africa,6.48954,11.5392
yeri1239,Yeri Waali,,dialect,Africa,,
yerw1238,Yerwa,,dialect,Africa,,
yewu1238,Yewu,,dialect,Africa,,
yeyi1239,Yeyi,yey,language,Africa,-18.9178,23.6088
yidi1251,Yidinich,,dialect,Africa,,
yiid1234,Yii Dan,,dialect,Africa,,
yili1248,Yili,,dialect,Africa,,
yili1249,Yiligele,,dialect,Africa,,
yira1240,Yira,,dialect,Africa,,
yiry1246,Yiryo,,dialect,Africa,,
yiwo1237,Yiwom,gek,language,Africa,8.97395,9.78757
yizu1234,Yizue,,dialect,Africa,,
yoco1235,Yocoboué Dida,gud,language,Africa,5.40126,-5.12242
yofo1238,Yofo,,dialect,Africa,,
yomm1242,Yom,pil,language,Africa,9.87186,1.81099
yomb1244,Yombe,yom,language,Africa,-5.1263,12.9657
yomm1243,Yom (Bedjond),,dialect,Africa,,
yomb1245,Yombe (Tumbuka),,dialect,Africa,,
yomb1246,Yombiro Lele,,dialect,Africa,,
yong1279,Yongo,,dialect,Africa,,
yoni1238,Yoni,,dialect,Africa,,
yooo1238,Yoo,,dialect,Africa,,
yoom1238,Yoombi-Congo,,dialect,Africa,,
yoon1234,Yoon Dan,,dialect,Africa,,
yorn1234,Yorno So,,dialect,Africa,,
yoro1242,Yoro,,dialect,Africa,,
yoru1245,Yoruba,yor,language,Africa,7.15345,3.67225
yoru1246,Yoruba Sign Language,,language,Africa,7.15,3.66
yott1234,Yotti,yot,language,Africa,9.160993,11.672759
youg1234,Youga So,,dialect,Africa,,
yoza1238,Yoza,,dialect,Africa,,
yrep1238,Yrepo,,dialect,Africa,,
yrew1238,Yrewe,,dialect,Africa,,
yuuu1238,Yu,,dialect,Africa,,
yuku1243,Yukuben,ybl,language,Africa,6.9183,9.9777
nucl1427,Yulu,,dialect,Africa,,
yulu1243,Yulu-Binga,yul,language,Africa,8.04124,23.6166
zaaa1238,Zaa,,dialect,Africa,,
zaar1253,Zaar,,dialect,Africa,,
zadi1238,Zadie,,dialect,Africa,,
zafi1234,Zafisoro,,dialect,Africa,,
zagn1242,Zagna,,dialect,Africa,,
zagn1241,Zagne,,dialect,Africa,,
zaki1238,Zaki,,dialect,Africa,,
zaks1239,Zakshi,,dialect,Africa,9.73333,9.23333
zala1240,Zala,,dialect,Africa,,
zala1252,Zaladeva,,dialect,Africa,,
zala1251,Zalidva,,dialect,Africa,,
zama1238,Zaman,,dialect,Africa,,
zamb1245,Zamba,,language,Africa,1.25,18.3
zamb1239,Zambian Sign Language,zsl,language,Africa,-15.5134,28.9898
zamf1238,Zamfarawa,,dialect,Africa,,
zamr1238,Zamre,,dialect,Africa,,
zana1238,Zanaki,zak,language,Africa,-2.26367,34.0542
zann1246,Zan (Chad),,dialect,Africa,,
zand1248,Zande,zne,language,Africa,4.62047,26.7157
zanu1238,Zanem,,dialect,Africa,,
zang1251,Zang,,dialect,Africa,,
zang1250,Zanga,,dialect,Africa,,
zang1249,Zan Gula,zna,language,Africa,10.5885,19.1416
zang1255,Zangwal,zah,language,Africa,10.2284,9.74694
zaor1238,Zaore,,dialect,Africa,,
zara1248,Zara,,dialect,Africa,,
zara1246,Zarama,,dialect,Africa,,
zara1247,Zaramo,zaj,language,Africa,-6.87705,38.9258
njes1238,Zarara,,dialect,Africa,,
zari1242,Zari,zaz,language,Africa,9.71269,9.40332
zari1243,Zaria Fulfulde,,dialect,Africa,,
zarm1239,Zarma-Kaado,dje,language,Africa,12.8554,2.41173
zayy1238,Zay,zwa,language,Africa,8.01148,38.8258
zays1236,Zayse,,dialect,Africa,,
zays1235,Zayse-Zergulla,zay,language,Africa,5.83747,37.3409
zebi1238,Zebie,,dialect,Africa,,
zeem1242,Zeem,zem,language,Africa,10.1464,9.2826
zemb1238,Zemba,dhm,language,Africa,-17.2958,13.4424
zena1248,Zenaga,zen,language,Africa,16.82,-16.1711
zerg1235,Zergulla,,dialect,Africa,,
zerq1234,Zerqet,,dialect,Africa,,
zezu1238,Zezuru,,dialect,Africa,,
zhir1238,Zhire,zhi,language,Africa,9.55,7.93
zhoa1238,Zhoa,zhw,language,Africa,6.53614,10.16651
zial1235,Zialo,zil,language,Africa,8.667,-9.805
ziba1238,Ziba,,dialect,Africa,,
zibi1242,Zibiao,,dialect,Africa,,
zidi1238,Zidim,,dialect,Africa,,
ziem1238,Ziema,,dialect,Africa,,
zigu1242,Zigula,,dialect,Africa,-5.61864,38.4114
zigu1244,Zigula-Mushungulu,ziw,language,Africa,-5.61864,38.41138
zilm1238,Zilmamu,,dialect,Africa,,
zimb1251,Zimba,zmb,language,Africa,-4.013,26.6083
nort2795,Zimbabwean Ndebele,nde,language,Africa,-20.2513,27.4096
zimb1248,Zimbabwe Community Sign,,dialect,Africa,,
zimb1235,Zimbabwe School Sign,,dialect,Africa,,
zimb1247,Zimbabwe Sign Language,zib,language,Africa,-17.9128,31.0216
zina1234,Zina,,dialect,Africa,,
zinn1239,Zing,,dialect,Africa,,
zinz1238,Zinza,zin,language,Africa,-2.64132,32.1755
ziog1238,Ziogba,,dialect,Africa,,
zire1244,Zirenkel,zrn,language,Africa,12.2275,18.5374
ziri1239,Ziriya,zir,dialect,Africa,10.5218,8.72792
ziye1234,Ziyema,,dialect,Africa,,
zizi1238,Zizilivakan,ziz,language,Africa,10.4689,13.5233
zlen1238,Zlenge,,dialect,Africa,,
zooo1239,Zo,,dialect,Africa,,
zodi1234,Zodi,,dialect,Africa,,
zoli1238,Zoli,,dialect,Africa,,
zong1242,Zongbi,,dialect,Africa,,
zoro1243,Zorotua,,dialect,Africa,,
zuba1238,Zubaki,,dialect,Africa,,
zuks1238,Zuksun,,dialect,Africa,,
zull1239,Zul,zlu,language,Africa,10.22572,9.58254
zula1235,Zula,zla,language,Africa,-4.584,26.74
zula1234,Zula Tigre,,dialect,Africa,,
zulg1243,Zulgo,,dialect,Africa,,
zulg1242,Zulgo-Gemzek,gnd,language,Africa,10.827,14.0578
zulu1248,Zulu,zul,language,Africa,-28.9,30.2
zuma1239,Zumaya,zuy,language,Africa,10.55798,14.44451
zumb1241,Zumbul,,dialect,Africa,,
zumb1240,Zumbun,jmb,language,Africa,10.827,9.9683
zumo1248,Zumo,,dialect,Africa,,
zumo1247,Zumo (Cameroon),,dialect,Africa,,
zumu1241,Zumu,,dialect,Africa,,
zura1238,Zura,,dialect,Africa,,
zura1239,Zura (DRC),,dialect,Africa,,
zwal1238,Zwall,,dialect,Africa,,
huaa1249,ǂHua,,dialect,Africa,,
